peek_index,side,ads,signal,p000,p001,p002,p003,p004,p005,p006,p007,p008,p009,p010,p011,p012,p013,p014,p015,p016,p017,p018,p019,p020,p021,p022,p023,p024,p025,p026,p027,p028,p029,p030,p031,p032,p033,p034,p035,p036,p037,p038,p039,p040,p041,p042,p043,p044,p045,p046,p047,p048,p049,p050,p051,p052,p053,p054,p055,p056,p057,p058,p059,p060,p061,p062,p063,p064,p065,p066,p067,p068,p069,p070,p071,p072,p073,p074,p075,p076,p077,p078,p079,p080,p081,p082,p083,p084,p085,p086,p087,p088,p089,p090,p091,p092,p093,p094,p095,p096,p097,p098,p099,p100,flags
0,L,False,omega,0.0,0.0,0.0,0.0,0.0,0.0,0.0,0.016999159475365868,1.6280996807966757,2.3911520427682604,0.7800515214482617,0.0,0.0,1.2380739200725448,2.7811778034923913,1.1700772821710814,0.44102323914891745,2.052123760470227,2.815176122443123,2.815176122443123,3.335300018046206,4.011695873006914,4.955098423877086,5.630299522697227,5.630299522697227,6.495338741283886,8.106424176382784,7.173388956609994,5.630299522697227,5.630299522697227,5.630299522697227,5.630299522697227,6.512337741580419,8.123423176679319,8.44544928404584,8.530444285527194,10.141529720626094,12.73664737638606,17.569903681682717,23.302197206159125,29.746538946554733,34.88482235891748,39.82293100486988,46.31242273501344,56.415652418570325,74.34299827417576,81.16703055568343,79.56634203859643,77.8435577267491,76.70788818891903,83.26754097587342,87.09222189762284,85.27515389718198,82.69547585116511,79.56159803363674,73.60616344601388,67.62813372906096,67.59497647114365,66.49911646651685,63.312987610517496,60.10763556700886,56.88890767745646,50.918548254535146,45.50801209022416,50.34197401915361,50.69518499126856,42.638581776392705,36.51632736321958,31.682365434290137,28.222658437469473,25.3400467922894,25.3400467922894,24.762951440650124,23.15163079767364,21.54031015469716,19.928989511720676,21.100181697039314,22.524486037590577,22.524486037590577,23.71267970494668,26.935320990899644,26.21563004647249,23.093380280365743,19.79570735446197,16.48543955917217,13.26277665255365,10.651216161501827,9.039884708191254,5.392181899035325,0.5581875391036082,0.0,0.22105374690616034,1.8326257661031404,2.187802214699855,0.576230195502875,0.0,0.0,0.0,0.0,0.0,0.6451098406394216,
0,L,False,epsilon,8.703122568729313,8.774258868037293,8.84549926011788,8.917047583142066,8.9887938711731,9.060733990264309,9.13295631485802,9.205140042584615,9.265251451560394,9.328755229833838,9.401756114209585,9.474921231063997,9.548240502240025,9.612141978486985,9.673476911516254,9.74738289006173,9.817925113384598,9.879542968966069,9.941294644423394,10.003166727632594,10.056096561559714,10.106470038225547,10.156240756996853,10.209642173049666,10.272183922889582,10.321346732565347,10.358970981357468,10.406659322394242,10.45703734016769,10.50758396781299,10.55817919409154,10.608890650641932,10.645932913379415,10.671676926807661,10.697534870909832,10.72276559120282,10.736223440548773,10.749718713578057,10.763299105153575,10.727877711690489,10.653646319187068,10.538642499440225,10.412417563312232,10.261057321642447,10.062053772816489,9.759897539757189,9.449700350652398,9.133402027036535,8.818293438499463,8.501353483877486,8.15820169045893,7.8840487472761405,7.752227867505944,7.530982156275804,7.24475012412043,6.9253839267466635,6.607305022366777,6.375879340993818,6.147012392520483,5.92317830925393,5.695733682673733,5.465776773910134,5.284992672621218,5.115330178939424,4.963936338419994,4.83709269612524,4.756326733066326,4.612524395134278,4.426739304189338,4.3764689390664335,4.341182112668434,4.23473984946152,4.135784660322529,4.050247221538009,3.9621454252405677,3.87240954767253,3.779055535160044,3.683188682180136,3.5725428286471224,3.4742253522945914,3.3970167559881177,3.3021104249866253,3.1964186385413726,3.100744245362751,3.0094063203651302,2.9380173630043656,2.8860038351212705,2.8657032684187924,2.853933494799283,2.847133349006591,2.8411976359971085,2.8353365712808074,2.829235215762372,2.8240033294638143,2.820132501175967,2.8168902278567525,2.8139977833034293,2.8119811416359313,2.8102117045260857,2.80927623885534,2.8036990604620855,
1,R,False,omega,0.0,0.0,0.0,0.2823707041217319,2.253559684645118,1.4064475722773002,0.0,0.0,0.0,0.0,0.0,0.0,0.0,0.285073678289378,2.256262658811453,5.63930515994481,9.014238738579161,10.985427719101237,19.827325708731188,26.34130302288818,28.318105647355335,36.38455237568072,40.78884850929017,43.96595286791821,55.83945265248067,70.57170829614917,82.97993163056417,86.91290896494395,95.85773682116765,103.98256678807685,109.94385305384634,109.94258520080321,116.74165100546546,127.10142267374509,129.0688377761851,128.20483094887953,128.5052649027837,134.34947154633278,111.37118998390868,103.4380322520306,120.98441125455649,109.18708471133694,100.92121657480061,95.5041107591385,91.5808322246578,83.42242893275811,76.48248736566711,76.48377425187567,74.79355653164987,72.83640591445281,70.89295506263952,70.89397229517292,67.50169101649492,61.306255930304474,53.239124560680544,56.817651764600086,58.52552994341803,44.91130333943493,53.16141479438131,56.207156162073,48.167222831847496,44.2553091937873,43.74548904294353,45.07875540466119,42.92779020439785,41.06186737871183,38.60245105182711,34.46161070150294,39.187716630888076,39.08358464883183,31.10311799374061,31.103168940079403,30.132334318027908,28.42243444150009,26.493424955640677,25.727496062204796,25.595559347486294,25.919238814693067,23.982338866658147,21.8446910369556,19.895921585230603,18.42420712185352,14.177830131990916,8.623364348920635,6.79737287662814,5.120709769628524,3.1530606832459602,0.3649812385439275,0.0,0.0,0.0,0.0,1.1512705722784435,2.8159991696470597,2.8159991696470597,2.8159986412105145,3.0600331852752123,3.8766436019658306,1.5555031406075948,0.0,0.027033581795823224,
1,R,False,epsilon,25.29592753586825,25.29592753586825,25.29592753586825,25.298133496353323,25.313532986938483,25.317923791503436,25.317923791503436,25.317923791503436,25.317923791503436,25.317923791503436,25.317923791503436,25.317923791503436,25.317923791503436,25.31346963792972,25.28267065818966,25.251871682559404,25.207773606818076,25.130776197142417,25.000942400213663,24.842627533979226,24.6580324388555,24.438672914023087,24.164679512698424,23.838562050383736,23.444366878082796,22.993148052082006,22.57208050552991,22.280244735175856,21.747494907445983,21.10155085673176,20.35840966709098,19.67402322968191,18.97072048335107,18.250778804528725,17.51521791261053,16.700466807325213,15.89858881006439,15.203686643125423,14.49282452910419,13.931819681343889,13.568317992524696,12.956175057718081,12.369324484830049,11.793575886495024,11.17529313072877,10.644717842148582,10.156594485565293,9.688849817875125,9.179619351911017,8.790561781591064,8.564453014151738,8.122107856706462,7.687756338752115,7.265944903005212,6.8821559717293,6.508537911560989,6.12946723186888,5.727815737149027,5.378611558677436,5.050548189430662,4.738812899430728,4.380336832608682,4.119162084025466,3.9121548580142886,3.6136445959220524,3.3029633800965734,3.0015036852972354,2.733263911397901,2.450636540384243,2.187233554553254,1.9513429445906711,1.7149028255371785,1.4834238703123048,1.2713654844301765,1.1471330027373012,0.9789285369599265,0.8009614798149467,0.6395417770734166,0.5646798023851576,0.5552937783383155,0.6129049847374243,0.695859784852664,0.7909078223960935,0.8921289794695747,0.9796876573539037,1.044442571439775,1.099634990830585,1.1525853574320761,1.2020981246130065,1.2491601578403646,1.2937123530061378,1.3337129945393644,1.3630521286787873,1.3819240050094725,1.3852108326792454,1.399642524223099,1.414927908954987,1.4224075456334573,1.4409650813827484,1.454590354258797,1.4600860273217078,
2,L,False,omega,0.0,0.0,0.0,0.4578831350930609,3.26545990912349,4.848381736644834,6.671658336795412,9.859086553563632,13.36016747088808,17.00513781223031,20.944879588659393,27.218487323524506,38.00858276957004,49.30684666552152,54.3860981415868,59.89628287043998,66.50716253257494,74.64182569886259,82.78655363415751,86.02129753321005,86.4959254350423,93.61811356731438,114.73064279979322,130.38444423657265,121.36142757081065,114.8207587819393,120.66894091609815,138.49393778469408,122.49746774173991,121.5451616445841,127.30796036252653,125.33360157814724,123.16027618179568,123.24755117166038,127.18006533445336,106.19217075021226,105.57222231616623,120.01739111248165,109.99734095410567,104.17155693724729,100.15094155553243,96.18621022648837,87.05238491541529,82.43252361712925,84.24920422264663,80.28434311768311,73.92876675238838,67.54736333496712,67.54833144849185,56.842393589492744,50.04551632188971,56.133503802048224,50.99471535808869,47.1229753635409,45.544508077427416,47.51471752422863,46.80659220954362,43.81215699250197,37.920800253685016,38.65270909734122,38.11632191231441,34.207933427092186,31.98658656896166,27.593196338738622,22.014863075364026,18.08940998500048,12.520188770793489,7.935906907692316,6.421762012721273,2.237036751146163,0.0,0.0,0.0,0.0,0.0,0.0,0.0,0.8000311034951143,2.7833196416778314,0.859806128902183,1.123482409280534,2.5196433612981703,0.5363548231154533,0.0,0.0,0.0,0.0,0.0,0.0,0.0,0.0,0.0,0.0,0.0,0.0,0.0,0.0,0.0,0.0,0.0,0.0,
2,L,False,epsilon,29.33375851321356,29.350409443968022,29.366183396618165,29.378662432432794,29.377471389016662,29.363865065393153,29.335293404687405,29.28460176758082,29.20473650792003,29.10604901975752,28.984113255458926,28.77430917559716,28.54367959642239,28.29811452663856,28.03998070719599,27.676747053617643,27.34342424324356,27.09166759727625,26.55051586346751,26.019381159859027,25.50090222368949,24.98121217096841,24.259884335378747,23.503032328385128,22.841254804699073,22.136579518990875,21.425897441336836,20.72737390569739,20.274098501063335,19.655765566815678,18.930891355673985,18.169054557031817,17.430127003758052,16.72017413378514,16.04852009342505,15.345566994454359,14.655235310186749,13.98423789664504,13.366838916134638,12.948378141137248,12.537394646152263,11.93131074045429,11.348888839066156,10.81065315970269,10.322642204537587,9.83465491359518,9.371878984813618,8.939498599548521,8.567437062628356,8.203238691015367,7.8951934414671765,7.685373954758599,7.373523784411252,7.054422721569626,6.7317011374274225,6.377844125408987,6.057318505908441,5.760098686674249,5.484415290173238,5.184971751686119,4.914407523376811,4.68945798010574,4.548858766830543,4.375523448318896,4.188715821316417,4.04831472119756,3.9340694747423597,3.8304799740692697,3.7308741771499987,3.6626220089434236,3.5972034014434593,3.5316610340525374,3.466001780794942,3.400328920795104,3.3346713969907724,3.269084642613898,3.206317707252296,3.1517768669828903,3.1084984508137734,3.0588394457162917,3.0191966735855895,2.9862729365097436,2.947471584901271,2.912354930219514,2.8800781202158254,2.8510652008636272,2.826021457579284,2.803435965284872,2.783270250261056,2.76688666011359,2.753009813246317,2.7414079374199285,2.7328340869426277,2.724991953549667,2.7176782742532364,2.710924471765015,2.7050360966626865,2.699666437324038,2.694814516152187,2.690736256860926,2.687281775359019,
3,R,False,omega,0.0,0.0,0.0,0.0,0.0,0.0,0.0,0.0,0.0,0.0,0.0,0.0,0.9878363118805508,2.7111935112581436,4.434550710637047,7.220895112525006,12.390966710661715,18.72585894361191,25.704880130044465,34.566956798988244,44.711430358140824,56.69211641576318,61.92694225379784,65.76818662844347,72.65468926910133,92.81367173536154,125.52162201760403,114.22480794388672,104.74147054077845,118.52422906671356,127.02890075271257,132.25461462838027,139.11764602838576,144.21830886415754,146.0270750639349,135.39941075160922,123.24792814011799,145.86275284908325,157.41454199815985,155.70512271971594,144.12069055822752,132.35986476106822,128.9365263813976,121.50042063353594,110.88080565931435,113.40672619513752,114.43821158880934,109.29446122389943,102.90615507534449,95.93056018424758,90.78131764215182,84.27767912205317,75.70496361524775,67.1489342425253,59.690155205335,59.48709912476585,57.67487329415456,54.24329138689081,50.683941114387764,47.12337071161936,43.623638667647754,40.15431264474972,36.70515409638544,36.661929176247355,34.943116469983735,29.703163640358177,29.36643636242199,30.843975911431603,29.11938099709326,26.63729617087714,23.188106342200456,21.130368654616277,19.70659319624289,19.70659319624289,18.77181151106452,17.047216596726177,15.322621682387835,13.598026768049493,11.873431853711152,13.485057314813618,16.848484050071555,13.399294221394873,9.950116087011121,6.500957030116132,4.875444003103286,3.7007987247677296,1.261513141989215,0.0,0.0,0.0,0.0,0.0,0.0,0.0,0.0,0.0,0.0,0.0,0.0,0.0,0.7306143846420663,
3,R,False,epsilon,26.19121131225456,26.192944515952032,26.19429337016747,26.194981011319566,26.19516309778858,26.19516309778858,26.19516309778858,26.19516309778858,26.19516309778858,26.19516309778858,26.19516309778858,26.19516309778858,26.187461022954654,26.174024154967967,26.122663390480202,26.0564852649543,25.96243038186305,25.823557730321184,25.66613574005763,25.57299016782646,25.38082891708747,25.046891101067274,24.691417474925437,24.308228739924434,23.799116100151128,23.29468323475422,22.79467503895991,22.231549799603467,21.649613470835533,21.036540549645668,20.313801536651415,19.52293357861299,19.19296119556034,18.73171871602554,18.015399836335444,17.199052779602862,16.3564907483968,15.647468538644901,14.948909734004342,14.262893363606103,13.496588435125533,12.74355255115934,12.120979789059954,11.594983857915196,11.145606679911678,10.618457358141159,10.084807516075154,9.550639721409473,9.014132580550287,8.478284092802152,8.007009987703809,7.566750682302621,7.173871913570872,6.820435158523537,6.477455959448039,6.122658523520925,5.807854397826706,5.533296747030384,5.349996557242992,5.162153684553683,4.913097029449885,4.655369560367796,4.391890979699257,4.164091734298919,3.9467538566727836,3.7477857089592623,3.5482615874564205,3.3494079363905738,3.162273836688632,2.986494458528361,2.8252119176622985,2.705772395233458,2.591705502761568,2.4556516727990316,2.312568315306713,2.1635455883062003,2.026639056484266,1.894667845763713,1.7724253036043345,1.6551661082895277,1.541048247259872,1.4584300870554125,1.3803845474531056,1.3097985540296635,1.265658559768009,1.2310140344999825,1.2007346706725561,1.1726886120048783,1.1470346485429854,1.1250590375257525,1.1046170074823805,1.087354947975299,1.0724060924859902,1.0590939270524056,1.049448931066652,1.0411921952542977,1.0354933627377587,1.0323515547792566,1.0305740515808302,1.0322849405248211,1.0382318296948716,
4,L,False,omega,0.0,0.0,0.0,0.0,0.9619605918191972,2.610077097463679,2.815239842368224,3.1561739429265203,5.193555253101355,6.873415904806616,8.132193359652847,10.268046002121297,12.70441079595458,15.358294794586833,19.00162965021336,24.611827335771025,29.971791614047465,35.182591718920094,44.36922096996305,53.33137748937111,60.12215169234878,62.52404180077228,60.572648212820766,69.66275923730213,82.56344293615268,105.53060324491825,119.1130507542264,117.22301860055343,123.14913467744861,132.93577440181315,131.54915486799592,133.07738614327724,144.5401035149291,152.361619197959,157.1418904340756,159.29391686689456,159.66588140686187,151.44838805809835,150.8246373930599,160.6702991031635,166.89228137347317,171.59060068505045,161.71517321481574,154.26079399064872,152.56710978322008,149.93418611567293,146.64246272607474,137.5438582403229,129.9105558707025,133.2028328567867,131.16628086407343,122.95551811232468,115.97512555124527,109.47102623316073,104.53543548565167,95.14134488818436,77.04463666792171,69.3880859026827,67.84730544236929,61.565497807729884,56.73596264415324,58.693715704067436,53.76894940528647,42.12779864782192,35.707417622770635,30.510243534536826,24.31147179264241,19.10760817170339,15.51591895170117,10.25742490790084,4.190725675600243,3.320481315699137,2.3894022544914146,0.7427165188100182,0.9049948157014808,2.553548799697865,5.583568789561771,8.271839919728734,7.014710156057803,7.523897859517178,10.427980499040554,10.2640421733834,8.896254995841478,8.896338657786133,8.81607688346173,8.548325344089463,7.694978857478843,6.437741147787607,4.492045283553805,2.9329850190734756,3.6163529165169614,3.661022761775612,2.977683656326228,1.5628739167224732,0.0,0.0,0.0,0.0,0.0,0.0,0.0,
4,L,False,epsilon,27.166826932857386,27.166826932857386,27.166826932857386,27.166826932857386,27.15931292483742,27.146439257509908,27.122509922296363,27.099121792717575,27.086248441404198,27.06167062969737,27.02330745626892,26.975285412897104,26.921867626861882,26.81945668608795,26.708555225861048,26.580776032899124,26.405158601223004,26.20102478793228,25.961339273772904,25.702424626415283,25.383133345834285,25.158456062045367,25.027625314371118,24.713155889696605,24.33226626707805,23.751482659170197,23.140980653932285,22.481482232061637,21.854508280169725,21.24359869678419,20.571027187264548,19.853396943241325,19.010109304645752,18.22868876910806,17.498941554552797,17.08666733023666,16.675911029858263,15.855533025765805,15.040929807559467,14.234288225312888,13.481518409608878,12.750051058764097,11.90527733521024,11.105327889740101,10.41203430947251,9.726248747703181,9.045729447319117,8.402056966003997,7.8040613292427095,7.4024704829735475,6.911843431493358,6.3180551980081425,5.80416218332827,5.3179206897927,4.866976016689339,4.449152030293166,4.0959768454024275,3.7669408574563086,3.452045440138288,3.2502209572095033,3.050822558724533,2.825456027874043,2.6633475960689834,2.562970296596873,2.444774886863713,2.327006291452765,2.2593073395280285,2.195517050729283,2.138060458983481,2.105804542055403,2.0857680018957785,2.074455685761743,2.0608930433319403,2.0399225620080457,2.027976352384886,2.023444638230451,2.020857206009896,2.0171542610828803,2.0037490319682036,1.9905111773437507,1.9775002605866625,1.9747199416224428,1.9758825859594797,1.9637909898815302,1.955320064619032,1.955298140967941,1.9487784260522796,1.9377771136202049,1.9360877128218872,1.9332243376220664,1.9190848239862686,1.9117785327017534,1.9122609719713695,1.9120816697239333,1.9117158040951159,1.9117847776471733,1.911951416480537,1.9123052652701704,1.9125947864914838,1.9128472796098512,1.9130002170662543,
5,R,False,omega,0.0,0.0,0.0,0.0,0.0,0.0,0.0,0.0,0.0,0.0,0.0,1.2360310389507527,2.9525358954839094,6.246201767221855,9.057515212326264,10.907414830653352,14.56445480187125,19.30182983113729,21.203259506807697,23.898907995523988,30.554989170897347,37.14233393316448,43.66125493525414,47.659405186216645,51.27346064006029,57.85320095255885,62.57595852286255,64.2224867308233,64.76882732219381,64.76882732219381,86.89146371967271,103.7393110676294,102.1620954997005,103.2312731279032,106.52348385988262,115.39080707675379,121.78283862435254,103.59837376096179,99.27005870678666,114.1744181911292,123.25067854436162,129.92563428586632,124.87209364819122,119.3728172598723,112.80338063525254,118.74925064683293,133.54418345591094,123.72826620507612,113.83717658603862,120.42196349453921,122.498924089993,119.30720569487082,117.28287259895264,115.41693822739026,108.73585750553889,105.40936971071083,108.7011364161321,110.95984550173041,112.60696764647554,106.62154633997707,100.33332688669775,95.39282105063715,88.7939407096281,80.55921313418122,78.94289680883114,78.58649247308043,73.55855937397551,69.18775439686843,65.89502312350535,60.39551257835558,53.811369112037895,47.23095982427251,41.48704093345102,38.19961198993359,34.87294824984252,31.51362788239138,24.180821723534763,16.467920304758778,11.387319155360615,7.751940689112594,6.103881794095397,3.281090965692848,0.0,0.0,0.0,0.0,0.0,0.0,0.0,0.0,0.0,0.0,0.0,0.0,0.0,0.0,0.0,0.0,0.0,0.0,0.0,
5,R,False,epsilon,27.915469343635444,27.915469343635444,27.915469343635444,27.915469343635444,27.915469343635444,27.915469343635444,27.915469343635444,27.915469343635444,27.915469343635444,27.915469343635444,27.915469343635444,27.896190792475785,27.869385795083637,27.817247972036885,27.773947448786053,27.74826122940528,27.680315681651194,27.587106886414325,27.456429739940553,27.31098696621845,27.122490737548436,26.92679502168226,26.72393256604959,26.43715731219851,26.130443382821966,25.845120966461582,25.524784225211917,25.146443663097926,24.844873514296317,24.581426674989117,24.141601173715458,23.674658442573218,23.14897802235803,22.628067684632967,22.11116432942916,21.528021685928852,20.929903736775596,20.31866797462043,19.72267929776872,19.147853947913013,18.535109201752395,17.90755663118079,17.560767984163714,17.141441097678715,16.54795824686477,15.885755169278445,15.174962822579138,14.552778018850901,13.942850245804303,13.332406031811516,12.714855878172125,12.089000410103603,11.462011451169145,10.8380696736085,10.287355457294643,9.80127773580067,9.44272093324722,8.969906850578218,8.429450596674751,7.924533820552307,7.414094194667448,6.871557310590374,6.3808589652229895,5.941294986629023,5.521535754184759,5.111266155866982,4.747083062517677,4.377985988887257,4.000827119171888,3.7678506645788548,3.6057399264152314,3.3577972283890722,3.1032679767523947,2.8392892660239344,2.6249708091542194,2.4519864879560123,2.297158891259389,2.153107461802254,2.057912305934558,1.9794195159631573,1.9238940783717486,1.8724288027995462,1.8226242539781456,1.7782331307961172,1.7353784536385441,1.696172410638376,1.659870120331136,1.6256017416847124,1.5954662003436002,1.5666613279885555,1.5415554699403835,1.518415843940135,1.4975533422954064,1.4774654113995067,1.4576764901244055,1.438859854157322,1.4203865625057293,1.402583782089259,1.385415812882303,1.3686200079810136,1.3527459286364747,
6,L,False,omega,0.0,0.0,0.0,0.0,1.0222925442618565,2.6855043884441923,1.2818385998409583,0.3813732443413773,2.044585088523713,2.8152774162330876,2.8152774162330876,2.8152774162330876,3.3593242391266123,6.955764385420439,8.902843674708521,8.902759217601366,12.931065111110284,17.962551423817253,20.109952673219322,24.448453907237916,32.35322678648953,39.53700409920023,46.39366257987626,49.64698444110304,52.395053302587925,54.018253796333326,63.00892973352926,76.7124892958406,79.33390570322038,81.25359427150633,84.20513438870574,93.45876210973441,108.25974678201298,103.54272696057264,97.77629509458194,107.68934858871664,113.78777672129952,115.29525970441031,115.65269529829723,116.22543259221155,124.63719354555353,127.30949220930319,120.44842149039617,112.60406902037147,104.30360080847119,110.73680547146083,115.35420662839263,115.35420662839265,113.3306071317181,109.98633869579425,108.17731424577751,104.69577592213872,94.75232536640227,92.67717780953836,97.66213149539773,94.39617224118516,89.2478563335999,82.61721300537702,83.43296069520072,93.38509297658132,88.3970326827681,79.01053314249943,75.70844493416331,73.6322879379283,73.63443487121845,74.9023259789565,76.7704083438034,73.8527453119863,71.17459136961568,69.24230514438543,65.73305283684667,61.17387947642128,62.22511510660957,62.1123956148956,55.66423287485489,57.239814777357545,66.15422100216287,53.27081975855557,40.106825885446234,53.38862246210647,54.16636757973425,39.30276697464768,34.05155358309043,31.79034044991657,26.542171954845607,21.473361728061217,16.714921017404762,12.489338486172315,8.521998466642994,5.859222571008608,3.303968132000306,0.9514852267177996,0.0,0.0,0.0,0.0,0.0,0.0,0.0,0.0,0.0,
6,L,False,epsilon,26.80520073975828,26.819966549842025,26.83043782607564,26.831229711366802,26.83940361494404,26.852205624261135,26.852125351207146,26.853709085143386,26.864550059213578,26.86789371377098,26.864763418436805,26.860806833886357,26.850690517632515,26.80687202538664,26.76273217035402,26.718212928381877,26.653080162611097,26.575918745739326,26.426274320001934,26.2761905377446,26.125391651334134,26.000528234746973,25.887431853895613,25.657982492857855,25.400571300052764,25.079988185633404,24.750883141430855,24.416326723330148,24.08274016422377,23.702819592602093,23.16256312333522,22.654629856800227,22.17514880398045,21.629889843849888,21.105499054259184,20.77613505228043,20.35294747171245,19.816842143736864,19.22959455147025,18.623654020218822,17.981741625446926,17.391688583317045,16.887775032961656,16.35648709224033,15.812500969786406,15.21462733245834,14.622972486741753,14.047209362188182,13.664627674888637,13.408122676302003,12.916052376752376,12.389407252659293,11.820282372703574,11.309923213671114,10.85229358721792,10.404175603159324,9.961381493829018,9.539396906641597,9.088521498333625,8.602198360745666,8.180135602307104,7.78773589649278,7.527114114105639,7.21821984488503,6.82748990814518,6.4425209669861605,6.060283777826999,5.633311545259137,5.2247687947311245,4.862267040675368,4.5068047401517815,4.156029205276733,3.801027629133181,3.4481289343137345,3.104480094788745,2.8455979032595042,2.6642465362700243,2.453369333121337,2.2211585255072657,1.8927120825829347,1.6142605149540514,1.3983476477955603,1.218641680124519,1.0537494037485233,0.9343320164242056,0.8355269990570898,0.7723905424475217,0.7314846055738203,0.7013523895036632,0.6838020561635377,0.6699678808664905,0.6647058864095695,0.6611618034491468,0.6587844372040558,0.6589520729765656,0.6597563339877246,0.6619239300573415,0.6648921015774614,0.668606660157487,0.6718018208190423,0.6748008858737957,
7,R,False,omega,0.0,0.0,0.0,0.0,0.0,0.0,0.0,0.0,1.4259140769889067,2.8153946943719976,2.8153946943719976,3.921263711717855,7.093136925337407,9.355597111036476,10.941533717846252,15.059253418992101,19.78062977981299,22.952502993432542,26.533619416842512,31.3573480648298,35.36921980285938,38.474814051947135,46.07772546309587,55.632962308075044,66.57717851774727,76.48019510864592,79.65201687412635,81.64512182227833,81.64512182227833,91.10343328016755,106.96254210756972,107.21180595233317,104.27928257942304,105.86560433774386,111.32842657080079,127.23395020832595,133.73144805950758,130.64985334042876,125.16236639370344,118.7405070487035,124.45936647720696,131.13738211272772,139.05300367705928,135.72834184722137,115.1582871068081,123.9941763672944,150.90138428000412,144.33201234976508,131.91061923643323,123.93180376820285,119.22793651507637,122.4000346699101,122.28334338421305,119.11215845515434,115.94080789041857,112.76940010594359,114.18435991467301,113.618414291594,104.12411436753321,93.9485355676664,82.82269201914089,85.97555785037487,97.07885917580877,93.07476349763449,87.04479567643035,83.87379368998184,79.72923417281315,73.48383446747626,70.5682608733178,70.47279622144849,69.2361596487567,67.65133365384173,63.03788782223665,58.6901929173961,55.40849457594813,52.93277152618207,51.48059032914157,42.48811211476009,29.702500996738788,28.226756729262057,27.427938760296737,21.083576814613565,15.277912949710023,10.519641490447645,6.6565812194649965,3.484400246626034,1.563943569562967,0.0,0.0,0.0,0.0,0.0,0.0,0.0,0.0,0.0,0.0,0.0,0.5751350754350107,2.1612255618558036,2.8156623019351548,
7,R,False,epsilon,27.581511294714677,27.579936357825826,27.578581219753815,27.57798414540347,27.57765548554003,27.57765548554003,27.57765548554003,27.57765548554003,27.566516520926573,27.552592816251792,27.52781476581772,27.49439789623573,27.444841830844414,27.409494077365633,27.384716062531375,27.310493714014562,27.22291693197824,27.099027253447133,26.965973915797708,26.805096353897593,26.609103811327632,26.373912345751194,26.09539930720025,25.79807998799241,25.443649225130123,25.082098571597932,24.7072250279187,24.386758465024506,24.158289251300616,23.795492431311406,23.34179103573626,22.763975346714414,22.161861867873867,21.616456910766527,21.06373407958193,20.49129801105852,19.862395595915423,19.17600010266508,18.55939495540676,17.96989416977014,17.378312494254136,16.828360804424083,16.482513279408018,16.037904026785593,15.44176969802653,14.798288797415006,14.125711228898178,13.514221922124719,12.907042538575103,12.20571343979189,11.540225592074407,10.960932833570808,10.399947349468553,9.85596491597119,9.181651087879477,8.462313578411191,8.269095480844149,8.035629835996431,7.560871151397676,7.075048218232055,6.5737925955222725,6.11135243613099,5.670524862939676,5.2175113099583035,4.764769053577232,4.3331629890592716,3.916881059293229,3.5336670860871804,3.1565797344828215,2.784681164450852,2.554101544141174,2.3666405482518424,2.007053412879337,1.6647260329661167,1.390820012152829,1.1281159026940455,0.8796375706507593,0.6605147412236294,0.4561591447874745,0.3261825527756449,0.21704906591388246,0.19775591071976292,0.19984882402265006,0.24352273887257953,0.27811291669564364,0.3056927198229906,0.3318377968646754,0.35755878193045326,0.3803956704465639,0.40242801365130204,0.42189490908080085,0.4396760934935808,0.45550617183797404,0.468709943775659,0.48072431074078253,0.4891601094096955,0.4951097970413714,0.48764027708119295,0.4829205666714743,0.4830343900922585,0.47089716551703237,
8,L,False,omega,2.8156510513716686,2.8156510513716686,2.8156510513716686,2.8156510513716686,1.9565936630795844,0.33400379032007343,1.2885860824381263,2.7201261475457,1.0975362747875002,1.0501071959440211,4.295286941460421,5.856696130300814,6.239818747926028,8.907920260031558,11.675902044945607,12.242315228421653,14.9340628439829,21.05746215531419,23.217750617068248,23.217486026290477,29.31757842033072,36.56473382091255,46.41180694438535,51.070485595692254,49.16138459637326,52.188889141380315,57.27163671513289,65.16993927761285,74.72910868763802,89.40506604041353,95.02091884107445,91.5841098927359,89.54356275830214,88.2617387932012,97.77066693286271,104.99950529579814,106.76249403635535,106.55206789437821,104.78528574695395,120.55944703934823,136.199282012535,111.81977359518658,104.04833467637978,126.68638275516855,131.276908749434,124.70944604329047,118.21754881465527,113.168114902207,116.40514214394553,121.01382193329536,127.57926996760091,118.63362564517439,102.28150662320553,104.43647076681872,105.03996512235514,95.2507237676603,96.1679021818911,109.1111206293763,101.81709364736552,87.25655397952997,82.36623059741196,79.20230981945741,80.82354634596567,80.74233435647142,79.15047541394041,80.11146831290158,80.67616745852943,64.47862250055823,59.30262212190681,77.1221107768922,77.83697133730455,66.60246965877008,62.10226091047353,58.595658136036114,53.87329220444334,49.110486963183746,44.28250024086281,39.46567292545366,34.65491839733701,34.23331601147071,33.3879572616492,28.611312141609343,25.247660095484648,23.66968088862178,21.00521390078622,17.889307584796924,11.36002367676985,5.820599790273201,3.815538124528791,2.002354267967669,0.38057573049644455,0.0,0.0,0.0,0.0,0.0,0.0,0.0,0.0,0.0,0.0,
8,L,False,epsilon,28.32516568986275,28.30497952598923,28.285044261361833,28.265805895810924,28.253780849785333,28.248167021279617,28.233239437631205,28.215953566068954,28.19956057692724,28.18347465610069,28.168030609962855,28.14572147107305,28.118608205773235,28.070686719389744,28.016308786065704,27.94041657765444,27.859691938769927,27.771164660461615,27.649940287505355,27.51089057220249,27.34881445999531,27.166701355279613,26.901547006084307,26.703180005664596,26.589356420854884,26.37769204567302,26.12529389086596,25.722801345712167,25.321238217220646,24.93736484446034,24.50210152731807,24.015490482221118,23.556237069884563,23.10458784202217,22.62663886922294,22.110940190861516,21.5047476135308,21.12268303323481,20.91737953711829,20.358079219626966,19.73068596690509,19.181810811966475,18.60561434416195,17.979392368672514,17.414009350251614,16.886240381690254,16.19130220391638,15.50353086629827,14.985771073354456,14.420925033955365,13.78890682912751,13.41036708280592,13.152862125436341,12.588534842515733,12.051202644526768,11.691069973482339,11.230525095094315,10.657191698096675,10.192352652085916,9.766471034030785,9.290603720051463,8.834505520324116,8.433202373175858,8.010920679151772,7.57002392709913,7.295149200062381,7.055192505179522,6.688177424460904,6.317562595858517,5.939437208060038,5.574212555164072,5.218000407751291,4.913997303832895,4.623294794940664,4.3649433173611465,4.102764644514008,3.834417165672907,3.612037819258202,3.4146736634301478,3.29550778299567,3.173514532293857,3.0034342112653207,2.844838534281436,2.700756599309491,2.5836970539030064,2.477865402269838,2.4043170288263296,2.341881577287669,2.3123390685293113,2.28484075186807,2.2593815935769,2.2368603129417144,2.215348331767238,2.1973379591329687,2.1803420599532464,2.165773260421177,2.1530951915522567,2.1419057850312737,2.133459800239847,2.1258916196939768,2.121321935084173,
9,R,False,omega,0.0,0.0,0.0,0.0,0.0,0.0,0.0,0.0,0.0,0.0,0.0,0.0,0.0,0.0,1.2786299896346442,3.305812636447625,8.404221615639404,12.005525280474512,13.704994940205106,16.737713420748555,19.931784320420597,21.7370989863257,23.44227006576265,25.03568604093209,39.20633000873942,52.92370958143654,49.52481663495016,52.988152619591744,63.18483145905088,70.49710806293895,78.62500364818483,92.3179154204862,99.63473390375077,101.45141988000196,106.05162583500685,111.0774512892164,116.27335683462695,116.58499769786043,113.19722232314626,122.19418778857576,130.16764975657037,131.77665744966967,139.61346311374075,151.5821700327316,147.30238536389334,136.72910120420548,113.0059314620935,119.33141668185945,143.0563632071437,156.8841047361729,160.64982271833208,143.6539923349023,130.0383517292324,118.41258956712154,137.1282131758105,143.21165352582537,126.19532481841608,112.81395452864473,101.70901300954425,106.73536175418901,105.26615737672302,93.45003131971703,93.97012081958499,98.93449478310914,102.32771606841997,95.04646331610968,72.89067047727305,72.85955601192471,78.10637853382516,69.52228541617451,58.6908457537637,45.11201104610271,50.39898856660959,57.5275194132864,45.58872629529242,36.98433106514781,31.96220987319409,26.81262615429832,21.360122090607767,14.56128939725134,9.510504598604372,6.111088251926158,2.711671905250565,0.3440386050001368,2.0445691906026515,2.815539505674525,2.8146966632748156,4.685601787344795,6.663286904459676,8.237373623007215,7.757876873781136,5.782106517411199,4.711128999245672,3.7935233622221003,3.0888676813106946,1.7766476902466848,0.07702274099958517,0.0,0.0,0.0,0.0,
9,R,False,epsilon,26.441482578329296,26.44568406160825,26.449526124354346,26.45268292095898,26.455120963356308,26.457199631365935,26.458267391590567,26.458942251710102,26.458965578731497,26.4589721049031,26.4589721049031,26.4589721049031,26.4589721049031,26.4589721049031,26.439012563068026,26.4086469940698,26.342325248143574,26.270161458469214,26.190576282100835,26.131803303954683,26.070298792921104,25.951525248086483,25.813667474643424,25.65451268125911,25.405898426959094,25.136814148664854,24.86572048597152,24.56664616101637,24.24011670534428,23.78718515095291,23.354738238979,23.102297620238915,22.719687605464966,22.2247911334367,21.64598289990101,21.046333923520987,20.413962995722976,19.757564888620564,19.08296823105976,18.442470803198137,17.784131822163875,17.064860694081503,16.36094236702531,15.667210025147549,14.89550248325803,14.230093024376826,13.836990666455309,13.23268570990711,12.506085381166974,11.687009347093378,10.912085510858809,10.234916419079612,9.574290882326412,8.921228229461637,8.189292701613505,7.504313356399209,6.905200163729448,6.333636865830281,5.783875595157693,5.461120009816855,5.033465278237042,4.438714191661583,3.980400221067877,3.562012497403762,3.0103755619340937,2.5453769047083687,2.2011059328210747,1.8363350720043379,1.4834496046025913,1.2850202588983484,1.1376302792749575,1.052636240238043,1.0609695598712503,1.1038550842260344,1.2112913137024508,1.326181993307449,1.4490812801821185,1.5532343145443188,1.649250561644476,1.724828471074155,1.784684818044533,1.8296891164300166,1.8624597353295407,1.8917469484785225,1.9152652194199908,1.9384943397683037,1.9614833786077963,1.9585224855970584,1.9541057022939454,1.9553644383648339,1.950060184871425,1.9399740327003523,1.9338967149221304,1.930742718673496,1.9347050525743996,1.9364407235340602,1.9367565937430389,1.9340968185247533,1.9307149256490286,1.9259694350019898,1.9132304897492785,
10,L,False,omega,0.0,0.0,0.0,0.0,0.0,0.7489419770378735,4.6751622858341495,5.01847506317774,2.8479134039951135,2.814464816868124,4.2628566310490035,8.059349236816681,8.900503951653443,9.196202126609732,10.882894189258685,12.584665434723831,14.29770764448176,18.061650538590385,22.519912149342026,28.0674662498132,31.691723853569705,34.90691576884089,39.111112326479606,42.65288690812845,45.66749928191907,54.06525232305434,60.906457037241836,64.38253277324216,66.5598495759799,72.33889427326336,102.03299402322526,110.05966742059485,99.73573642386904,103.74673881708233,107.6634883263429,109.52644230510731,104.75393733099865,101.2207260603993,122.41681284042936,125.95858177824344,113.59333567785298,106.10219851634177,102.98825984312602,108.31633658966736,100.97688957816312,92.82730829593109,117.37718043049348,123.11098672349888,110.8115090814411,101.73709224186517,97.24815090351404,102.48424578395381,102.8175299243185,100.37375215636374,91.60391557230105,88.92790389353415,92.46357252253222,94.48001826073852,93.25336817196776,84.50168674084384,80.55353699351141,78.94956973041006,78.95144956734046,78.19171130953741,76.60622923908109,71.67115404841202,68.81227760079075,72.71489440405523,72.6765136228963,71.07055317251405,74.55945599419738,73.19254630781474,66.2251485442215,62.264420716938844,57.82959243758417,50.642146909612144,49.46482612886133,51.15366230422492,47.426665945538275,43.03147546772125,37.81623308190714,33.88347504699101,31.56020134286614,33.52727669174901,28.514784132753952,19.899552548608963,19.899552548608963,19.14739994722181,17.412614021019213,14.261654241474107,11.554726616652472,11.338394981052643,8.423504500945178,3.965760583049601,3.2378472552819457,2.0802092978702413,0.32464179412055083,0.0,0.0,0.0,0.0,
10,L,False,epsilon,29.44526819517471,29.432383112205105,29.4185553072008,29.403295118830393,29.375637043845163,29.34421631004428,29.31049260492063,29.267313570308055,29.217500395438606,29.19568641699391,29.159196270487143,29.09820300619615,29.038017819429868,28.97343833181948,28.887110317011274,28.80168236371589,28.716927163135022,28.58009390188409,28.422156413616708,28.23054428030225,28.039827945763843,27.86261508832797,27.754869057471204,27.556606080737613,27.286308789373436,26.939555187871044,26.608493440689053,26.31334746583766,25.842700650255356,25.31463498096457,24.797406716696152,24.27865074487136,23.758600925011443,23.312659557814218,22.880051082458237,22.464224830693475,21.876980959167746,21.237382375413574,20.667543257543805,20.096803354369534,19.525251819417345,18.876898939646175,18.251676974333446,17.689271114848577,17.08693526580633,16.470250195740192,15.86469473627788,15.423709938218096,15.140449368455728,14.624205920969125,14.054567493823654,13.417173152525246,12.864713302039526,12.349436584505254,11.843522118146607,11.330734043704627,10.81093942466451,10.312211635363104,9.831360247364735,9.388213036122064,9.047418966812545,8.743256428339135,8.32594447021523,7.887921235815463,7.427442904358914,6.986864799900626,6.557466071942485,6.150314719910843,5.735305694734841,5.319180404324325,4.940982271226499,4.558356445336947,4.170623906482915,3.940655031263085,3.7097671068956464,3.4032656077591366,3.098359229448582,2.797285583698345,2.5507087103106927,2.32433653416152,2.1227608954953197,1.9376803912498206,1.7690161164479439,1.6421725027923295,1.541721000351274,1.4580293497552892,1.4242017990853189,1.3880926942326957,1.3490029027905517,1.3249494527130807,1.3091359494731958,1.3108900150924072,1.3066655256938757,1.2990870368624667,1.30272681097882,1.3062864716891587,1.3097346606122027,1.3127632655876587,1.3155360722774219,1.3177119013172143,1.3193257340729783,
11,R,False,omega,0.0,0.0,0.0,0.0,0.0,0.0,0.0,0.0,0.0,0.0,0.5391784342885539,2.000255629001205,4.108346944860121,7.030501334285422,11.462355339718675,17.30666411856928,18.9089942282983,17.568925466519495,22.901928729804027,31.607878064427723,38.190254462810685,44.01895223177752,45.11529393636663,45.11497390274928,56.74519204445588,69.87682194424596,70.40900921767506,70.60333015533986,76.44256816351886,81.49734114503063,80.0108868382276,80.6431947578839,90.86974782597115,99.25615516087589,102.25781717168513,104.7534356029519,106.21463430146993,106.50163095102866,105.0441543542969,107.0601997042681,112.89831986248674,120.34282922981959,129.10209408188302,129.71912882806998,125.42415974791156,126.16067875394144,129.0790135462228,126.37504544725232,122.00432123907495,127.4910133142791,134.7839362126315,128.67771825450632,121.38964874353921,134.4680627943995,145.94267902277073,132.8388863018464,122.39197452219929,128.21688343282236,134.97896926439287,145.17977100272486,143.59964961227692,112.89074188359095,104.36902740322586,134.98808628171855,145.91554170282828,131.327340281239,120.38142236024345,112.94349741322432,111.54798791108968,114.4709253416713,117.39367017403906,120.31631445745465,113.62799719776676,103.39948625598856,96.68019177802178,90.81305263238718,84.96360131121254,79.11659815116032,71.87768049246876,64.68307387418218,61.75957229415607,58.83607071412996,55.91256913410385,52.48140330504511,46.63425951014354,40.083802909474585,31.39437838885634,25.030065766176076,23.57829314129707,19.199265205365855,10.337804781893018,4.94580665899383,3.4840748358056137,2.0223430126173967,0.5606111894291801,1.2744700295304061,3.341821869087081,4.57305123827923,5.429123387367915,5.894829203903959,6.240008080743632,
11,R,False,epsilon,28.395713983463146,28.392775901450815,28.389686554567092,28.38469896871806,28.37940877871885,28.372371184956233,28.364879527679612,28.35579121562946,28.34272985544765,28.320183730432674,28.30108928842051,28.287896607456826,28.254892675845596,28.196962537732464,28.121812850495715,28.03055278335435,27.926618016482315,27.813891592439607,27.656315802106555,27.476070618537097,27.296503248707015,27.117176442184824,26.88305237076929,26.63622974857917,26.35032195833078,26.05936857775762,25.888603529214922,25.717273696950933,25.38206389606156,25.037128536533665,24.611097031992525,24.201727252426,23.867805615178558,23.490255384082328,22.985036532785134,22.47240788563959,21.944632639760194,21.440391147796845,20.97111297762954,20.496757389954983,20.01681488794875,19.624602196920442,19.304192310282982,18.870050494883497,18.36729705072968,17.848166362122516,17.321933971221412,16.707259943560658,16.06636700858938,15.50307861489646,14.954010145618167,14.414779161429282,13.876415878173875,13.28146808220169,12.686106570357524,12.0907372124905,11.53866567260542,11.251767599674197,10.91359003966495,10.387256343963081,9.834481637448654,9.216330512965373,8.635523420434094,8.120595516612267,7.610873109402368,7.107895793598213,6.570055745913697,5.998638350812375,5.494087697908812,5.037325959948047,4.596072415879148,4.162915170393039,3.8875416111514465,3.670287607031847,3.3071958318609203,2.908689759641514,2.560779310013857,2.2198717700133384,1.9233019489137675,1.6307681138428158,1.4060136842052207,1.1827514663507275,0.9729437529803069,0.7750033612172972,0.633539641923758,0.5090995529638467,0.43643301179960686,0.38274764876037165,0.36916607463003576,0.35400264323977665,0.3364169535839805,0.32707655109831457,0.32707655109831457,0.32707655109831457,0.32707655109831457,0.3399733162512237,0.3608935031096161,0.3825114610982853,0.40444249986971237,0.4147041156819339,0.421362757261981,
12,L,False,omega,2.8155414500181384,2.8155414500181384,3.3725302712786656,3.121171825931685,0.17946820827022458,1.953026065472989,1.598099143751903,0.0,0.0,1.826133879715018,2.8155217302285815,3.1704486519496675,5.250366903181939,6.032298294071406,6.068314915897657,5.9971248936893575,9.336917376212547,12.94985503115145,14.922389489871259,14.704132036929606,21.869283871052495,28.18481777547626,34.168844070941596,40.232811592987844,46.769457763638954,58.21595617201749,65.62716120421938,55.40528801332252,85.36265672785962,99.36088749371966,100.11100964216642,104.4908074593913,90.35092835558504,107.78404576819828,145.0938989817553,113.44574291560076,114.0682493707648,121.43827000893026,125.88498704996829,115.51441734020888,100.41220643662164,98.29369471528051,117.83625691782379,105.29469268411671,98.54006057300462,93.73271810651266,87.40771358670166,75.05793087319546,71.61820688797427,70.9126822241133,62.60028093817799,59.98747400938385,55.61214965260967,48.56872907212343,38.20077980976344,43.75602161065423,45.834943389309714,40.47999351939445,28.056947354607303,38.60464574231082,43.36374768123312,34.05415004149535,36.126314906997365,35.357240470515116,33.34946250454176,31.1264003115776,33.19742089455225,31.10620592212216,28.277127149493577,28.277450550841706,22.31606070355661,24.929073882922825,30.02251800729936,25.886411561007357,27.3450378070632,28.27934132359974,27.877536204420856,25.810557308290143,23.636831151326707,27.614377945183588,35.84681208722092,29.53066163745042,34.682613757813954,38.57957343270223,37.039987526648645,43.34178642953113,48.22197958341486,48.63091334808458,42.35638975511882,46.69018877455188,41.40143417064154,34.15990858676237,33.90243905550622,21.95079162090284,16.886355537580855,14.864315780393701,6.547979308351872,3.7794995934714137,1.700415475459645,0.0,0.0,
12,L,False,epsilon,27.771952573427296,27.771952573427296,27.761541522570845,27.745392392311942,27.729143695873674,27.728152391236797,27.725716368516863,27.71711793229146,27.69380420714746,27.682206961915302,27.65367603972268,27.610581510077235,27.578552524928078,27.530999821862068,27.47109952460277,27.40060664139084,27.327533460916978,27.2278591004508,27.098937824859455,26.938382144297872,26.75944270411741,26.533872050051386,26.308904081863204,26.124604001237266,25.794242308318267,25.40917118547312,24.952193792451265,24.38897510897796,23.76401492108599,23.170034238930146,22.577737369287185,21.89624046074242,21.10153207459858,20.511057260503406,20.068086890409813,19.28491515784117,18.488216492538346,17.72383536564708,16.99804581329874,16.228069458865228,15.480602706967574,14.772216856545347,14.113914138262638,13.484332302051635,13.029942596375818,12.567071535433817,11.92066780254541,11.412343022162439,10.927158678492678,10.470941631996315,10.06121666128971,9.622108762534472,9.222818037726777,8.87318758379904,8.585987181973406,8.342226808120115,8.068072831915439,7.761080480402151,7.483922076510245,7.162789889520876,6.859000729905543,6.590462454640066,6.303391801278598,6.066885731398251,5.851334983294287,5.641309521004056,5.497603472090466,5.326531735943541,5.1438128701148775,4.965022567669898,4.821265480910426,4.6426270553641045,4.449040427496205,4.279624547610315,4.098382581359687,3.9252788985762894,3.7776932195347763,3.703609411174074,3.5740075008988432,3.3892912140687637,3.166951702495881,3.005176058967743,2.808195760567098,2.593096440687317,2.3670151114311113,2.141347555502652,1.9063585010908477,1.7327897171352669,1.670742242682922,1.4710411251516122,1.3476420985162678,1.2773553167466625,1.2377755249167441,1.2373002733326097,1.2425112540600385,1.249663837288939,1.2551869107017297,1.255797369005457,1.255797369005457,1.255797369005457,1.255797369005457,
13,R,False,omega,2.8143925895968094,2.8143925895968094,2.8143925895968094,2.8143925895968094,3.3861445043121785,4.1666006322777855,5.192237084925685,7.7649939608973675,11.484916053413581,14.927389094696977,20.892420100160194,31.332450819104878,40.44937743483773,48.36726369882093,51.87131972301145,62.039059016292256,77.83770073468568,83.98078526408445,88.75958375295853,92.11309509921537,109.4374814204856,130.70808044790638,141.21702901495573,137.43964091326393,119.92407743609832,148.2788224529293,170.62628824154814,167.12264383980727,152.7461442439494,138.0551028970579,173.08962901420983,180.5190423704558,157.7489098753674,144.13438738825033,135.1339558984948,135.18928396959018,132.85512925353373,128.74079177615363,114.74756937878367,105.41551506875379,101.88889662258559,104.26018748078624,104.91952179317848,96.18580188455886,85.24633907608919,73.09187230240504,66.08918981844488,59.088120576389436,52.08934315239341,45.09436676995918,39.15082908368644,37.40344168952358,29.458174380051574,17.272831328329026,27.352711766823624,31.805286420777733,26.64715033126567,21.33837125535934,16.296371238582303,12.792775155557557,11.25666379764288,11.25666379764288,7.9103188053047475,5.62833189882144,5.62833189882144,4.328097176935378,2.81416594941072,2.81416594941072,2.81416594941072,2.81416594941072,2.814188245981118,2.8145584022321195,2.815675926160766,2.815206549910563,2.632780859024109,0.8809586581537261,0.0,0.0,0.0,0.49823825913572095,2.2511779839360617,1.6278822912648847,0.0,0.0,0.8144284608605921,2.5662745628093755,1.3103656468899298,0.44148045505885314,2.193326557008947,2.814243155824044,2.814243155824044,2.814243155824044,2.814243155824044,2.814243155824044,4.261673701229514,5.243452820117881,3.4916067181677866,1.7397606162190036,0.0,0.0,0.0,
13,R,False,epsilon,28.261809790397745,28.244704859993853,28.226658936458573,28.207163002464515,28.174615506574412,28.135635748941873,28.083494260363402,28.0142722486693,27.932385300423878,27.848659429463627,27.72922892423427,27.54679797134103,27.321625756953285,27.063945909439024,26.699397350489416,26.304493131735622,25.88393797017665,25.37171545165421,24.839191922019392,24.278156701452378,23.586306852134825,22.883647760284497,22.480528964534415,21.902647398892615,21.15670864423544,20.34675716985464,19.480821992375045,18.49852641319063,17.608785160018954,16.756882252256837,15.865100426493763,15.025267987205739,14.242267334564325,13.446282372992805,12.770645990116238,12.434710119932621,11.802073012586987,11.024575122691306,10.415492995909725,9.824301348048266,9.255392103652202,8.674828165967718,8.139677968821053,7.761875877344358,7.341885500118067,6.898074002922152,6.52361254933155,6.235567491781866,6.070288063579448,5.831631227063718,5.580804764149196,5.3516121691506,5.132626514310547,4.920623601950217,4.767572781997796,4.621136420572235,4.48422242108479,4.36185758414537,4.246821615098243,4.147095728211046,4.071924116726735,4.015923226544785,3.964379430956615,3.914600214667362,3.8677260116056837,3.8241119046119922,3.7839518378193864,3.7585693264449604,3.7354607328183045,3.7143739809278347,3.704323840017324,3.6970986840059195,3.6939839165340875,3.682532049136415,3.669096347004789,3.667963706810522,3.6673229118007997,3.6671796634818534,3.667164002773167,3.665742150153656,3.660739680162941,3.6591278134538463,3.6591278134538463,3.6591278134538463,3.6532008454749936,3.6404518610655376,3.638647280330471,3.635437211204935,3.622699281314445,3.6099686095973897,3.597242370224909,3.584527119390252,3.566325473623473,3.540930072139466,3.5155744663872053,3.495798230364022,3.495798230364022,3.495798230364022,3.495798230364022,3.495798230364022,3.495798230364022,
14,L,False,omega,0.0,0.0,0.0,0.0,0.0,0.0,0.3591604657239214,1.8261421212557234,3.293123776788836,4.760105432320638,6.22708708785375,7.694068743386863,9.879371330365196,12.813334641431421,17.46980194028587,23.41898943524029,26.436419089320637,27.89509811228461,17.45399295542625,2.711218159854159,27.94718334767159,62.19204814280925,61.583810011579075,57.00414762772701,46.58654131726459,36.34662159103778,30.74557573847928,34.31218484909359,93.02844339136148,138.29213199476166,136.99186805097403,158.2142800002713,230.57587754621755,293.96639270956194,343.1688896552354,336.7785655496016,267.44053273168055,192.6912602408745,113.52510235692141,110.33769057639762,151.3535996798105,198.67234509683885,248.5181442646334,214.4154381720066,158.72095701523233,122.29391421354205,88.5684801001009,122.3539105005334,156.86814512108205,139.2962925296059,120.65610444044927,94.31706557110918,75.42059069304108,85.66046042585393,87.98094105403436,70.44087351229237,58.33301890139995,55.60730865381271,50.75636166657977,43.28994688622518,36.90454674123944,31.47814633846498,26.536551604530004,21.90294527730726,17.627547370712033,13.510743015875988,10.71660350822696,8.307047339836036,6.184102324275168,4.1092374514450665,3.411144239258544,2.815999999999988,2.815999999999988,2.815999999999988,2.815999999999988,2.815999999999988,2.815999999999988,2.815999999999988,2.815999999999988,2.308101734485378,0.840204288085934,0.0,0.0,0.0,0.0,0.0,0.0,0.0,0.0,0.0,0.0,0.0,0.0,0.0,0.0,0.0,0.0,0.0,0.0,0.0,0.0,
14,L,False,epsilon,24.86598045402119,24.86598045402119,24.86598045402119,24.86598045402119,24.86598045402119,24.86598045402119,24.860374885598546,24.83747908600581,24.81458332403157,24.791687639677722,24.768792002600975,24.745896434108417,24.70057916172148,24.631893157702216,24.537370557645538,24.423457877953105,24.32450720752466,24.233511505633548,24.15093832225656,24.071409806885942,23.76987672697224,23.418316636823466,23.32896782253714,23.269497329916117,23.051915589147132,22.841978829507333,22.80133716700976,22.672991833239035,22.01704955739114,21.343491438554118,20.60895885306935,19.540521450386024,17.713931663884047,16.374890619649683,15.806921575675513,14.990589732933657,13.893036883304532,13.203060062340503,12.845764238038457,12.297470174154403,11.638056133888046,10.835097552415917,9.974586346504855,9.300972619080023,8.675429411828041,8.111033338954863,7.555211090295158,7.056137624468974,6.555642274746954,5.9628470931689055,5.39977954379215,5.05094114328321,4.711750358101037,4.410328310299323,4.115034300558689,3.835108420036599,3.6169583185572685,3.5055030916186083,3.3605583563916874,3.1743990455360107,3.017753999110258,2.8872919210308856,2.7737689178095137,2.6710070071496728,2.5857086095147617,2.508142024973528,2.449684640042019,2.396783522680566,2.356739705151994,2.318852749995931,2.280932021882261,2.243011606007345,2.205218793109245,2.1664969931714384,2.119522140234448,2.074339729579663,2.037171206467614,2.0028209739012657,1.976311882749923,1.9507905564523005,1.9271362447023306,1.9051931341238608,1.8855405671701553,1.867665047695315,1.8515022000120418,1.837116860613733,1.823962488873388,1.8125340497423905,1.801946336856787,1.7929952409280043,1.7845779544948752,1.7776844515296344,1.7710906075846888,1.7659011078636961,1.760838263316873,1.7570987380431269,1.7534539674841543,1.7508747192942256,1.7484634529586411,1.7469204745611668,1.7454393153727068,
15,R,False,omega,0.0,0.0,0.0,0.0,0.0,0.0,0.0,0.0,0.0,0.9722673186791739,5.456905471564867,7.78430581631832,11.612647773245836,14.06758805694581,17.684002095509662,35.96535344155627,22.054239640034492,49.65152016668618,73.42769204633231,69.34934720839613,78.28971725923711,89.1780958788355,101.8351433927566,109.75774481765495,112.36301011900781,128.0446889234219,141.8005917425568,143.63110391257706,132.07938666097363,118.87573186832998,161.53708864298898,146.4391056126426,129.66520404952064,123.8291820276264,128.8921622748308,122.05329051637746,105.74630713851957,101.51157933088217,102.65126101438955,97.17521037510313,83.83959857422875,76.01391599365371,70.5733933414583,64.55440151753797,56.10433933215864,53.86114029918403,47.897928468231065,42.503131468194525,36.61085547922795,28.43845047262208,32.924901802685206,26.505469164192395,20.024969410884786,16.213273659551582,13.866738290469486,9.380286960406355,8.444014619140756,7.524779481901369,5.512848630357054,2.7539519584604526,0.5106999921015261,0.0,0.0,0.0,0.0,0.0,0.0,0.0,0.0,0.0,0.0,0.0,0.0,0.0,0.0,0.0,0.0,0.0,0.0,0.0,0.0,0.0,0.0,0.0,0.0,0.0,3.03952062176353,6.577716818360098,8.672500171497179,10.031984200736513,13.208418612432844,10.123196409660022,7.133028085837303,8.512263486243802,5.90467398777744,6.1030418660899075,3.0860303987971083,0.0,0.0,0.0,0.0,
15,R,False,epsilon,27.6658692826322,27.671193874061238,27.675527589333075,27.678870528825318,27.681222776872474,27.682559185199597,27.682591643495627,27.682593625662797,27.674345158752544,27.656852646961642,27.639360176441055,27.588210518807784,27.49861667856648,27.36244109846354,27.18870605950501,27.015813065479872,26.673978803734347,26.308699808248384,25.904890608794766,25.486188303790374,25.194209260016038,24.62386020430213,23.864998860909736,23.05096582167802,22.237556733588754,21.229718285076615,20.34553455744438,19.460951435644102,18.525939909292106,17.59373829153028,17.08140392435977,16.22491262900719,15.24436038100316,14.289742175949366,13.461043794952655,12.674651439534406,11.840832965396462,11.116912147568199,10.485765615592857,9.916561731195012,9.595436565690829,9.11027811696397,8.594757481339899,8.09648660260325,7.637511545745853,7.22509811309955,6.866837663436738,6.5404259113036085,6.245538775263582,5.992034795546212,5.838200772046916,5.644865633376904,5.4629920797524765,5.298511871793748,5.138435351353801,5.029895906710072,4.92327042514349,4.834667100090474,4.762870092413646,4.695864405346903,4.647496572715766,4.600650639841042,4.555232212321518,4.511203214548728,4.468526293061746,4.427577042088692,4.387886979148266,4.349408825328466,4.3121100541168405,4.275974801254616,4.241299901880454,4.207681264528505,4.175090622493511,4.143506259643686,4.112952999598558,4.08368984804609,4.055417296548713,4.028135020901354,4.00184268283726,3.976604694390787,3.9526289619714254,3.929641635313368,3.907642302881407,3.886630548022318,3.866695659624625,3.847994694092924,3.796026410286259,3.735893829322513,3.677014382693203,3.5721619944998775,3.5255435426532387,3.485550310527657,3.4401350669768376,3.3861467441001794,3.333706115628421,3.306487727842671,3.293557534072491,3.2874935978609936,3.282385503880482,3.2783925483267398,3.2755210151250393,
16,L,False,omega,0.0,0.0,0.4687651585021634,3.5176480458344628,5.629000616162435,5.629000616162435,5.2173680488702825,4.324938604173607,5.467690855457809,7.884504073609011,8.44339445060437,8.44339445060437,12.662227676420057,17.011288469682043,18.644098477776993,21.993517028636667,31.08989228704156,39.081459841014784,45.29884440323155,48.10186574535153,47.966923949644006,66.05294019001596,92.27751190045149,97.61860648536108,99.1289366916839,106.86428269025645,114.60851061489868,122.35871473325112,129.99694758790878,137.38152781479144,146.94997035958556,159.08210907211006,150.5663613829065,129.05614373243225,140.39302534145074,161.68052388431173,153.47654389310355,143.32381276369523,140.230540095476,135.4015610010678,124.72036692191953,118.13187160963624,118.15066175700373,115.69862418399966,111.10977224448646,106.54959983510409,102.00231270961173,97.4962263519682,92.99777004396036,91.47160137839816,87.88514352216185,72.69487333032393,65.38078135224914,76.01450149777946,74.89779942089855,59.91720926122922,53.191543123995864,51.68850669229749,47.70009041054428,42.95346617174383,38.70101288645132,34.55798802545082,31.249650862027032,27.79898942029054,23.86503308048457,19.968273747485473,16.131885047038406,12.497408007151606,9.038429156037104,7.339231759596794,6.43531585884839,4.70632185110834,2.823076273609112,1.29647738897633,0.0,0.0,0.0,0.0,0.6977912830113142,2.2230450174088383,2.8153264911668883,2.8142246213415296,2.8139656726233464,2.8139656726233464,2.8139656726233464,2.9244532205874094,4.448605085159575,6.0288004465233165,7.800668255101762,8.225966020188837,6.454142501529583,6.441526652707444,7.965700662238444,7.394164674777635,5.869990665246636,4.345816655715636,2.821642646184636,2.8140065577578466,2.8140065577578466,2.8140065577578466,2.3529597235763293,
16,L,False,epsilon,25.034858949905367,25.034967315897692,25.031399925278354,25.00760090133772,24.98380190566541,24.960002973654394,24.93643491467168,24.913136521016494,24.882213368547955,24.846516977599016,24.792526583500212,24.733033085563783,24.695492933173245,24.656207892971395,24.57343930498921,24.471521336211175,24.30549401479481,24.121438718766665,23.908432750324003,23.655489513464918,23.36818138486193,22.973582641892513,22.53106157701722,22.08780404202409,21.644411412502578,21.04634106743719,20.49996605219723,20.241965473334822,19.84278515006188,19.123785151841357,18.44169592821232,17.802937280229937,17.156562258779456,16.505393974991154,15.780444279303468,15.033143429839651,14.456304291026681,13.888692784165201,13.255162687959924,12.621646240017995,11.988175809401854,11.519235293063828,11.315913179694682,10.936720225461583,10.405431139106565,9.910799125724234,9.432636586900106,8.985937285791888,8.54506472233944,8.170289014570573,7.800838661136969,7.460341624073073,7.11179709692158,6.744914381344339,6.419606072274285,6.143349866015029,5.945056604599259,5.796088036004881,5.5773648618066805,5.337361842997064,5.155064047216403,4.977714481370296,4.799485248612815,4.632144610890656,4.501778707840159,4.3837312781860565,4.285676694592844,4.198909374240083,4.121952751542914,4.060047956246514,4.004945391861448,3.956883820662369,3.9101385905980237,3.872538315680317,3.8356415305460314,3.8025359631229327,3.770723456610853,3.7418749901759925,3.7126795703884805,3.683072722601377,3.652107080709364,3.6202772268539003,3.5913321704362793,3.5632733352704324,3.5287331490160394,3.494674224536928,3.474107512821979,3.4483529763554364,3.4048557378310393,3.364729129270679,3.330102184741417,3.3016965710879256,3.2787257212541188,3.256381540520876,3.234322222107949,3.2129602814591363,3.1917299507218213,3.181086981635738,3.172072426230467,3.172072426230467,3.172072426230467,
17,R,False,omega,0.0,0.0,0.0,0.0,1.2375505575796766,2.953941475854502,4.670332394128017,6.510030611223714,8.505373267229356,10.05305104974933,10.976314250837705,9.259898647910788,8.442141084029311,8.442141084029311,6.924698867143739,5.2082832642168215,3.491867661291215,1.7754520583656088,0.05903645543869196,0.0,1.251786081861451,5.09027452306638,14.523150383420777,26.333933879162945,34.59918686068785,44.38417314378869,56.377525548271414,73.62862021214329,91.81229683499167,105.56461227013179,115.9480920166094,122.81358813619433,141.4488891883547,160.33524720460247,172.340839281093,176.5180158242301,174.80639308121283,214.6206467355324,232.46522642001187,189.52042830671243,208.16570762391606,258.66695568057696,232.89284206094132,210.332890231558,193.17011348622455,192.38036662370567,195.91727743761442,183.94394577182956,171.9540332668472,159.94424227063388,142.29564822269595,126.08971673030499,122.63730968963318,117.36538388544707,110.52028205189015,92.85745166398196,76.16451864340226,65.86315083229795,55.56178302118576,45.26041521008145,35.04280067277501,25.350765329797355,16.68058929940147,9.271135006825556,2.7120090246417723,0.9951335060261703,1.0209118764436473,3.4494508512545,6.107127833567651,8.483644471492623,8.762520332612922,10.570225208595321,13.895125246065057,14.352483057471936,14.314463310094828,14.144258507275575,14.172603751692636,14.342709244969251,10.950483053620939,8.966599424491365,10.683375563407095,10.116953284306149,8.41051110079677,7.099363993554243,6.800361577879904,8.111446779252407,5.880712617007524,2.9983011627481084,4.715014889574398,5.81879900117061,6.224473943988405,7.379829178751861,8.49627961325122,8.775113171559406,8.747693406044528,8.46873223939226,8.697120016042804,9.34606422320131,10.995346899787847,9.56206162955303,6.322815025542006,
17,R,False,epsilon,25.269740965523336,25.269740965523336,25.269740965523336,25.269740965523336,25.289052076663978,25.315835169441442,25.34261840438195,25.37502053219592,25.414515098470016,25.465306147477644,25.51450901388047,25.54129440661804,25.57509191218685,25.61527027460823,25.655448924975794,25.685800478665822,25.685800478665822,25.685800478665822,25.685800478665822,25.685800478665822,25.66440648660053,25.59880375108223,25.486782669446548,25.353577616657244,25.220401487070635,25.010836387922392,24.69026838303288,24.286899659490068,23.836055634117578,23.232943244880133,22.655627795262145,22.105251389157978,21.187392809575083,20.189777908000206,19.13676028687267,18.190342606659364,17.32411301218065,16.655053566722458,15.890664892818608,14.859457097389257,13.748525207771882,12.595251677830179,11.454969084507308,10.33871466199534,9.262808004557119,8.188106340665392,7.132524066260984,6.256443571974749,5.484157982086502,4.83631036975537,4.201957664785098,3.6265872934580985,3.3134169413554613,2.9129784574495723,2.437086982437472,2.0610868572408654,1.7180857613761895,1.4371535041417591,1.2446888604670696,1.1069466688460006,1.0535769657078884,1.0128185960206868,0.9930225111909855,0.9841945966943493,0.9802870323747609,0.9796049433571755,0.9856010028269618,1.0008048528951783,1.0151305100198025,1.0271217151222538,1.0264340694759333,1.031652063152708,1.0427307563056116,1.0556312252732056,1.0662139811356584,1.0677047493019869,1.0783928829678004,1.0956477278492949,1.097016505801435,1.0982892129624424,1.101497499182104,1.1057648108836582,1.1109500393414402,1.1308371908931796,1.1448303714598098,1.149447610249144,1.1546233311866878,1.1614388078496278,1.1803558864739887,1.1916033112021502,1.1941152211611568,1.2047385514086784,1.2197249808093595,1.2462395106928672,1.2768301868055305,1.3107688087328848,1.3410735492049597,1.3732709737297886,1.411560743068386,1.4463672325048782,1.4791329984515462,
18,L,False,omega,2.8143925895968094,2.8143925895968094,2.5332595365536257,0.9854967152342842,0.7953888734000524,2.984874089417126,2.7881926852303343,0.5987074692151149,1.124517533739924,2.672260152231542,2.814355853549238,3.115008366012266,6.461914668198604,10.092411406840283,14.483971655756388,19.02835356111723,23.757189066659762,27.57203066624751,30.860927364852976,42.733690427470925,56.53709230505071,53.70361432221851,54.46006348140154,71.7589596058391,85.01352018346903,91.11851985663448,99.15428693886584,108.81544284091063,114.61239999855233,118.94049988054445,141.76079659381014,163.60510984246704,155.4451519339513,153.25441946063196,167.24454889009417,176.26210894677303,179.22972028858155,182.1784107466168,185.116120250716,175.58891884280442,163.22108355886968,170.86648526355955,177.4863845439494,178.99227276027057,174.95160180911634,161.0212196937199,148.78109518943845,137.97527520895105,129.3793608354531,121.63182499649034,112.50158554301747,103.09448805980945,92.2990645833284,83.99998277623311,82.53627476292617,78.26825889582021,70.56096053145242,63.95236476553884,57.98685957850589,48.223627708759125,37.583574726347415,36.02646001978762,33.85742326965354,28.563188669156155,22.981067418948886,16.881198351973133,12.258337777541955,8.898846625919795,9.269538360367704,11.086412397988774,8.469446656226598,5.631999999999976,5.631999999999976,6.291194656674491,8.77372687693245,9.198285450885457,7.0786155245235935,7.19279657631081,8.62563309463346,8.897289905142621,8.897363954191084,5.577964993115277,2.813349721556731,2.813349721556731,2.2635356602680776,0.7163463596387571,0.0,0.0,0.0,0.0,0.0,0.0,0.0,0.0,0.0,0.0,0.0,0.0,0.0,0.0,0.0,
18,L,False,epsilon,27.264989682685737,27.264989682685737,27.264989682685737,27.264989682685737,27.26077409941513,27.249169766545318,27.243888808581428,27.243888808581428,27.235110520553317,27.223028423039626,27.19997352202341,27.173682853125477,27.125845819438307,27.064894320730275,26.96874790886192,26.856189766474806,26.72382289507684,26.629807421487534,26.55786071880758,26.348340777410073,26.107878574879322,25.832579083734668,25.546544033354962,25.211804983523454,24.82002781547734,24.327418880302563,23.827207350868097,23.320595686619868,22.75283240413732,22.161824199407402,21.384005652604422,20.62766470339107,20.295059184660097,19.830162914643566,19.006664276397522,18.198148007665807,17.40786025630415,16.572405974515185,15.710738773916967,14.906703572637877,14.115802152318437,13.312270906131673,12.515395089144109,11.74955309854607,11.035484832718867,10.413730949270695,9.949119698440168,9.617855215203203,9.086281336796091,8.477809064813686,8.008616261759835,7.558620360596427,7.15595442058817,6.763008657434277,6.3966782582564115,6.056448454617064,5.748229159839692,5.485815296996133,5.250212185105243,5.036467504531993,4.8277695099554165,4.7145539199672255,4.5988749618269065,4.468964816280911,4.344054436199845,4.228135850828178,4.137426387447329,4.068279720800427,4.012203188884602,3.961193914560627,3.9061385831028446,3.8523872457639015,3.8176614112809615,3.7911980990241627,3.787588987711358,3.7763198271501546,3.7555807126628604,3.7505242135852983,3.7547252552935455,3.761991079318488,3.7699737106035385,3.7767361973727054,3.780415908431789,3.769479520162619,3.7598315490414365,3.7525207959941684,3.7471517946884023,3.743456956720528,3.742357070573916,3.7422731539539726,3.742264785632254,3.742264785632254,3.742264785632254,3.742264785632254,3.742264785632254,3.742264785632254,3.742264785632254,3.742264785632254,3.742264785632254,3.742264785632254,3.742264785632254,
19,R,False,omega,0.0,0.0,0.0,0.0,0.0,0.0,0.0,0.0,0.0,0.0,0.0,0.0,0.0,0.0,0.0,0.0,0.0,0.0,0.0,0.0,1.9056955810551766,7.065009858908872,8.645096208369319,9.222390575833476,12.552634811521273,19.173924040244167,29.632079193265124,38.34124447685343,48.686077761114134,67.57988981550601,81.70409286853098,91.98935552494123,88.12197302087361,98.06349141964087,146.3217228292276,162.2801017104154,160.67862369951376,169.3681788613763,173.4810974084618,169.95409481512255,174.0638219020663,182.6556595283607,206.78519222303902,215.6077537166727,206.95781358025994,211.21616942874357,213.39160776175572,196.16181939462507,184.7448446074473,177.9078733614684,167.85950279782244,155.5527875444985,138.31022011824905,131.1829978451752,129.32709806289304,118.9865805334448,108.65297637046334,98.33065758661647,91.84821891172184,85.01801729058623,64.41845973617684,55.149809343930976,58.54502534841279,49.080300216373665,38.46945356585642,33.32483770070807,26.184348376977283,17.50450037938893,13.690207780777191,10.249572634722943,6.808937488666073,3.3683023426118246,0.0,0.0,0.0,0.0,0.0,0.0,0.0,0.0,0.0,0.0,0.0,0.0,0.0,0.0,0.0,0.0,0.0,0.0,0.0,0.0,0.0,0.0,0.0,0.0,0.0,0.0,0.0,2.06093375004526,3.8306779666342865,
19,R,False,epsilon,24.81662823097681,24.81662823097681,24.81662823097681,24.81662823097681,24.81662823097681,24.81662823097681,24.81662823097681,24.81662823097681,24.81662823097681,24.81662823097681,24.81662823097681,24.81662823097681,24.81662823097681,24.81662823097681,24.81662823097681,24.81662823097681,24.81662823097681,24.81662823097681,24.816557766199402,24.803150649197384,24.7847914151264,24.757977367577094,24.712148095817387,24.652960082264258,24.534139959388572,24.383982721782154,24.197291098310185,23.945072398863378,23.691396127987144,23.490443924063104,23.126241615403394,22.63064333243115,22.056272479685074,21.424770677455296,20.66586106040176,19.8354642226943,18.966089731906578,18.108804528897195,17.19054286109457,16.170491293493246,15.119337647654357,14.109354392486075,13.554423430550182,12.799786768315425,11.817191346102408,10.854638017967273,9.875367752877581,8.810377392575042,7.8646218267129555,7.012813154770123,6.25066289283353,5.485414515499606,4.694067450994643,4.041008814615158,3.466966423181203,3.210838886039147,2.860996019612416,2.358172253817173,1.9945557419426,1.6937080400176463,1.515522845009718,1.3833698182356304,1.3026641486874175,1.3159968245708844,1.3542352257104164,1.4184142132977058,1.479025896824428,1.5368862233329,1.5719708622885955,1.6081551391338422,1.6512201291852246,1.6831131346991988,1.709123267533534,1.7329001875428578,1.7557032833667092,1.7769516913540198,1.7961876321993042,1.814435485210701,1.8302229661925333,1.84463281782936,1.8575350887676594,1.8679047406117235,1.8771601940944884,1.8839540765765594,1.8889483649254206,1.8925840797298366,1.8932414984250008,1.8928245354446565,1.8903734260206468,1.8867983260757877,1.8826056609721848,1.876778677123267,1.8712489682886075,1.8661834606708663,1.8616849324725504,1.8574589831937394,1.8538876460687699,1.8461853677227007,1.8340566713597923,1.8387407617513267,1.8426308879904203,
