peek_index,side,lag_ms,r,n_overlap
0,L,-250.0,nan,26
0,L,-242.1875,nan,27
0,L,-234.375,nan,28
0,L,-226.5625,nan,29
0,L,-218.75,nan,30
0,L,-210.9375,nan,31
0,L,-203.125,nan,32
0,L,-195.3125,nan,33
0,L,-187.5,nan,34
0,L,-179.6875,nan,35
0,L,-171.875,nan,36
0,L,-164.0625,nan,37
0,L,-156.25,nan,38
0,L,-148.4375,nan,39
0,L,-140.625,nan,40
0,L,-132.8125,nan,41
0,L,-125.0,-0.1531551605904921,42
0,L,-117.1875,-0.23152325977809812,43
0,L,-109.375,-0.31227364330027535,44
0,L,-101.5625,-0.38265060021784664,45
0,L,-93.75,-0.4056571408616185,46
0,L,-85.9375,-0.43362545269261416,47
0,L,-78.125,-0.47043432439805766,48
0,L,-70.3125,-0.4695472982295721,49
0,L,-62.5,-0.4616392597632708,50
0,L,-54.6875,-0.43020459507967906,51
0,L,-46.875,-0.38371933509358297,52
0,L,-39.0625,-0.3198876150960797,53
0,L,-31.25,-0.22494513560462792,54
0,L,-23.4375,-0.1186487053687279,55
0,L,-15.625,0.014387398275129607,56
0,L,-7.8125,0.12407090988171703,57
0,L,0.0,0.24891778459958372,58
0,L,7.8125,0.382069651002744,57
0,L,15.625,0.5183852474807918,56
0,L,23.4375,0.6188890659087092,55
0,L,31.25,0.6875145082232339,54
0,L,39.0625,0.7298722581874036,53
0,L,46.875,0.7328662586820514,52
0,L,54.6875,0.6821018931421899,51
0,L,62.5,0.6057096210099852,50
0,L,70.3125,0.46835442773974734,49
0,L,78.125,0.3487014498761125,48
0,L,85.9375,0.19838574211276047,47
0,L,93.75,0.07021114780801503,46
0,L,101.5625,-0.061129578714765626,45
0,L,109.375,-0.2153850351354119,44
0,L,117.1875,-0.4167278932790807,43
0,L,125.0,-0.5660995405669439,42
0,L,132.8125,-0.6733774419268358,41
0,L,140.625,-0.7862516550575039,40
0,L,148.4375,-0.8499564227414929,39
0,L,156.25,-0.8322741599076656,38
0,L,164.0625,-0.7960247407782964,37
0,L,171.875,-0.7700696614398556,36
0,L,179.6875,-0.7057934141270736,35
0,L,187.5,-0.6337668325036331,34
0,L,195.3125,-0.5784903369484454,33
0,L,203.125,-0.5475026754847857,32
0,L,210.9375,-0.5155626500824206,31
0,L,218.75,-0.4057059694894272,30
0,L,226.5625,-0.3773943672330157,29
0,L,234.375,-0.3114620360897156,28
0,L,242.1875,-0.29546657850905145,27
0,L,250.0,-0.18142989520439165,26
1,R,-250.0,-0.9211262589765037,39
1,R,-242.1875,-0.9033586568539377,40
1,R,-234.375,-0.9012293115859751,41
1,R,-226.5625,-0.9054695364331101,42
1,R,-218.75,-0.8883940808851897,43
1,R,-210.9375,-0.8858166051789121,44
1,R,-203.125,-0.8838901320560272,45
1,R,-195.3125,-0.8801631016549846,46
1,R,-187.5,-0.8750563548006653,47
1,R,-179.6875,-0.8775528223433248,48
1,R,-171.875,-0.8700272354048545,49
1,R,-164.0625,-0.8663104284791427,50
1,R,-156.25,-0.8513283346608651,51
1,R,-148.4375,-0.8246947621613727,52
1,R,-140.625,-0.8010044710815802,53
1,R,-132.8125,-0.7486154693450944,54
1,R,-125.0,-0.6314803371204707,55
1,R,-117.1875,-0.5103980213129342,56
1,R,-109.375,-0.389468366766697,57
1,R,-101.5625,-0.25427398154709213,58
1,R,-93.75,-0.11969374093981137,59
1,R,-85.9375,0.0280694260725172,60
1,R,-78.125,0.13070092458661137,61
1,R,-70.3125,0.22344819436953903,62
1,R,-62.5,0.29603736582659146,63
1,R,-54.6875,0.3611227195297486,64
1,R,-46.875,0.41973340453099744,65
1,R,-39.0625,0.46244179795824697,66
1,R,-31.25,0.49992329475199,67
1,R,-23.4375,0.5293446917060015,68
1,R,-15.625,0.5579175509889529,69
1,R,-7.8125,0.5748976731988983,70
1,R,0.0,0.588023864848562,71
1,R,7.8125,0.5916511075628196,70
1,R,15.625,0.5930140799609636,69
1,R,23.4375,0.5925650394797392,68
1,R,31.25,0.5928373382075902,67
1,R,39.0625,0.5897098772990332,66
1,R,46.875,0.5876254225631414,65
1,R,54.6875,0.5820232137659117,64
1,R,62.5,0.5751059086220862,63
1,R,70.3125,0.5645073592226064,62
1,R,78.125,0.552529426043055,61
1,R,85.9375,0.5344688568932972,60
1,R,93.75,0.5304552678449855,59
1,R,101.5625,0.5244833259137051,58
1,R,109.375,0.5165842878604009,57
1,R,117.1875,0.5008208645789891,56
1,R,125.0,0.4790865240321458,55
1,R,132.8125,0.45625712518758327,54
1,R,140.625,0.4282675146319651,53
1,R,148.4375,0.39373039257934417,52
1,R,156.25,0.3587050422494283,51
1,R,164.0625,0.31128229959125553,50
1,R,171.875,0.263345551708182,49
1,R,179.6875,0.20620619548963848,48
1,R,187.5,0.15000276936739376,47
1,R,195.3125,0.08421742611867773,46
1,R,203.125,0.007518215078940841,45
1,R,210.9375,-0.07027168997013747,44
1,R,218.75,-0.15798374677633423,43
1,R,226.5625,-0.24437783741935168,42
1,R,234.375,-0.3615494709012244,41
1,R,242.1875,-0.4346913375364436,40
1,R,250.0,-0.5431493253896477,39
2,L,-250.0,0.9126437373385576,45
2,L,-242.1875,0.9192145705770021,46
2,L,-234.375,0.8502082047559298,47
2,L,-226.5625,0.8431646917420493,48
2,L,-218.75,0.8427027309796904,49
2,L,-210.9375,0.8376995110383879,50
2,L,-203.125,0.84624501949813,51
2,L,-195.3125,0.8147736118860807,52
2,L,-187.5,0.7982723998188772,53
2,L,-179.6875,0.790545274600881,54
2,L,-171.875,0.7433209903423937,55
2,L,-164.0625,0.7411387633562437,56
2,L,-156.25,0.730371905352943,57
2,L,-148.4375,0.7387381644778752,58
2,L,-140.625,0.6737029748606053,59
2,L,-132.8125,0.6282418855130284,60
2,L,-125.0,0.5625995253129832,61
2,L,-117.1875,0.4967833066726904,62
2,L,-109.375,0.4187175321669611,63
2,L,-101.5625,0.4004807069686417,64
2,L,-93.75,0.22274847486557195,65
2,L,-85.9375,0.14169052045222177,66
2,L,-78.125,0.09002406512863881,67
2,L,-70.3125,0.0054149635707572774,68
2,L,-62.5,-0.08819273493025775,69
2,L,-54.6875,-0.16962312246303005,70
2,L,-46.875,-0.2524726436616364,71
2,L,-39.0625,-0.3130716658087827,72
2,L,-31.25,-0.3754153245633179,73
2,L,-23.4375,-0.42391888748635,74
2,L,-15.625,-0.47261755318073223,75
2,L,-7.8125,-0.5104712226986556,76
2,L,0.0,-0.5481387122875546,77
2,L,7.8125,-0.5681697200543467,76
2,L,15.625,-0.5866524150332098,75
2,L,23.4375,-0.5997047726115629,74
2,L,31.25,-0.6058742579631797,73
2,L,39.0625,-0.611153442374081,72
2,L,46.875,-0.6103378914878361,71
2,L,54.6875,-0.6039326369696405,70
2,L,62.5,-0.5933558078391814,69
2,L,70.3125,-0.5768980380146239,68
2,L,78.125,-0.5597726718267362,67
2,L,85.9375,-0.5388669259869353,66
2,L,93.75,-0.5153490743096459,65
2,L,101.5625,-0.5117925964088469,64
2,L,109.375,-0.5105775376474173,63
2,L,117.1875,-0.5075829359908015,62
2,L,125.0,-0.5047526715905475,61
2,L,132.8125,-0.49887220175469776,60
2,L,140.625,-0.4894353413279565,59
2,L,148.4375,-0.4789090672585962,58
2,L,156.25,-0.4659403582023814,57
2,L,164.0625,-0.44823187643842854,56
2,L,171.875,-0.430936144055271,55
2,L,179.6875,-0.4056577877008542,54
2,L,187.5,-0.37251064609111534,53
2,L,195.3125,-0.34250870207123385,52
2,L,203.125,-0.30897684132797887,51
2,L,210.9375,-0.2719737505921151,50
2,L,218.75,-0.21987505883642025,49
2,L,226.5625,-0.18754282658802768,48
2,L,234.375,-0.09832392494066995,47
2,L,242.1875,-0.03447165651235903,46
2,L,250.0,0.020479740977643716,45
3,R,-250.0,-0.47289231079284133,32
3,R,-242.1875,-0.5171945331235749,33
3,R,-234.375,-0.5634884738816974,34
3,R,-226.5625,-0.6271010928656238,35
3,R,-218.75,-0.636800271997136,36
3,R,-210.9375,-0.7110430332888051,37
3,R,-203.125,-0.7481723552333511,38
3,R,-195.3125,-0.7949645697383392,39
3,R,-187.5,-0.8317605779159661,40
3,R,-179.6875,-0.8560204423430057,41
3,R,-171.875,-0.8657299995512008,42
3,R,-164.0625,-0.8831877751677945,43
3,R,-156.25,-0.9031981904606247,44
3,R,-148.4375,-0.9172666682876032,45
3,R,-140.625,-0.9132271918683291,46
3,R,-132.8125,-0.928281287575225,47
3,R,-125.0,-0.9089317359484129,48
3,R,-117.1875,-0.8453233468652368,49
3,R,-109.375,-0.6450785224932796,50
3,R,-101.5625,-0.4958927223339799,51
3,R,-93.75,-0.3691539427807655,52
3,R,-85.9375,-0.24219949615567044,53
3,R,-78.125,-0.1157484133680055,54
3,R,-70.3125,-0.0038239862938861677,55
3,R,-62.5,0.10204155349265773,56
3,R,-54.6875,0.19215113177698903,57
3,R,-46.875,0.2830855933777438,58
3,R,-39.0625,0.3601245476349064,59
3,R,-31.25,0.40798067044409303,60
3,R,-23.4375,0.4618963299642478,61
3,R,-15.625,0.5008002501380134,62
3,R,-7.8125,0.5284795442953325,63
3,R,0.0,0.5513367278603019,64
3,R,7.8125,0.5575790231952508,63
3,R,15.625,0.5605078829876193,62
3,R,23.4375,0.5612047502352908,61
3,R,31.25,0.5551073610331329,60
3,R,39.0625,0.5465978020933042,59
3,R,46.875,0.5367548075460241,58
3,R,54.6875,0.5278469980133386,57
3,R,62.5,0.5163852258495144,56
3,R,70.3125,0.5081383728520593,55
3,R,78.125,0.5044354041720379,54
3,R,85.9375,0.5005825914913474,53
3,R,93.75,0.49300480210016423,52
3,R,101.5625,0.504232207794895,51
3,R,109.375,0.5112009284071447,50
3,R,117.1875,0.5112793190264255,49
3,R,125.0,0.5081275927685226,48
3,R,132.8125,0.4991644075351134,47
3,R,140.625,0.47546260445888566,46
3,R,148.4375,0.45082727698788133,45
3,R,156.25,0.4145035265956396,44
3,R,164.0625,0.36729705587490036,43
3,R,171.875,0.3116528012542459,42
3,R,179.6875,0.2455800112279866,41
3,R,187.5,0.18259864433221018,40
3,R,195.3125,0.0977839285717103,39
3,R,203.125,-0.008567434577790321,38
3,R,210.9375,-0.1242114089626251,37
3,R,218.75,-0.2387044228320553,36
3,R,226.5625,-0.3506098750044521,35
3,R,234.375,-0.467948249041867,34
3,R,242.1875,-0.5976986581463182,33
3,R,250.0,-0.7015099551633156,32
4,L,-250.0,0.47300792968456185,31
4,L,-242.1875,0.4917987195460112,32
4,L,-234.375,0.5245526920515658,33
4,L,-226.5625,0.5001440230836921,34
4,L,-218.75,0.5211068934213622,35
4,L,-210.9375,0.5463850716014743,36
4,L,-203.125,0.5674760502590538,37
4,L,-195.3125,0.543696151732044,38
4,L,-187.5,0.556445978901648,39
4,L,-179.6875,0.5875952783912364,40
4,L,-171.875,0.5549663213935795,41
4,L,-164.0625,0.5883635339017821,42
4,L,-156.25,0.5632692035491941,43
4,L,-148.4375,0.5904947059274875,44
4,L,-140.625,0.5679252904384063,45
4,L,-132.8125,0.5521419007918016,46
4,L,-125.0,0.5194728580063053,47
4,L,-117.1875,0.41609846911582626,48
4,L,-109.375,0.29143483989549074,49
4,L,-101.5625,0.21456757690975248,50
4,L,-93.75,0.15002430727806637,51
4,L,-85.9375,0.012581049369673154,52
4,L,-78.125,-0.07266054654723351,53
4,L,-70.3125,-0.17929345693777377,54
4,L,-62.5,-0.246569617417249,55
4,L,-54.6875,-0.31817806639349466,56
4,L,-46.875,-0.3752799930402708,57
4,L,-39.0625,-0.4297553602158245,58
4,L,-31.25,-0.4580470483688194,59
4,L,-23.4375,-0.49823335420820153,60
4,L,-15.625,-0.5191988573522041,61
4,L,-7.8125,-0.5388085148617849,62
4,L,0.0,-0.555968072231125,63
4,L,7.8125,-0.5794320752683594,62
4,L,15.625,-0.6017903914716256,61
4,L,23.4375,-0.6246799842413521,60
4,L,31.25,-0.6223259034976372,59
4,L,39.0625,-0.6177496008836756,58
4,L,46.875,-0.6118261837889953,57
4,L,54.6875,-0.6045177330339636,56
4,L,62.5,-0.5969730749305069,55
4,L,70.3125,-0.608263594510199,54
4,L,78.125,-0.6104499204619915,53
4,L,85.9375,-0.610155547312037,52
4,L,93.75,-0.6016740590929608,51
4,L,101.5625,-0.5865692832914713,50
4,L,109.375,-0.5541064302101745,49
4,L,117.1875,-0.5250486138670906,48
4,L,125.0,-0.4843226341369957,47
4,L,132.8125,-0.434710871186308,46
4,L,140.625,-0.3741457881152099,45
4,L,148.4375,-0.32068514964941963,44
4,L,156.25,-0.24873348046455002,43
4,L,164.0625,-0.16511774860763143,42
4,L,171.875,-0.0832569522362069,41
4,L,179.6875,0.005794756783234611,40
4,L,187.5,0.08213636121009513,39
4,L,195.3125,0.1925546521812326,38
4,L,203.125,0.28081620522991974,37
4,L,210.9375,0.37492417335569617,36
4,L,218.75,0.4537344880506443,35
4,L,226.5625,0.5509116269740502,34
4,L,234.375,0.6136042818660319,33
4,L,242.1875,0.6857861220402256,32
4,L,250.0,0.7610908700774227,31
5,R,-250.0,-0.8239451025033391,29
5,R,-242.1875,-0.8454062612917957,30
5,R,-234.375,-0.8892690580468963,31
5,R,-226.5625,-0.9012215447190579,32
5,R,-218.75,-0.9178578881061511,33
5,R,-210.9375,-0.9039525198610355,34
5,R,-203.125,-0.9097929497828376,35
5,R,-195.3125,-0.9140946431015703,36
5,R,-187.5,-0.904638075989976,37
5,R,-179.6875,-0.8982230918497955,38
5,R,-171.875,-0.8856562844738477,39
5,R,-164.0625,-0.8796314639450966,40
5,R,-156.25,-0.8721457605526665,41
5,R,-148.4375,-0.8680838345347063,42
5,R,-140.625,-0.8410862530104118,43
5,R,-132.8125,-0.8307361225482259,44
5,R,-125.0,-0.8083973958131395,45
5,R,-117.1875,-0.7651184957800273,46
5,R,-109.375,-0.7239078493838574,47
5,R,-101.5625,-0.612025705410683,48
5,R,-93.75,-0.37818490554870177,49
5,R,-85.9375,-0.2232270726727048,50
5,R,-78.125,-0.0797595731014005,51
5,R,-70.3125,0.036284197760136055,52
5,R,-62.5,0.14775901080870918,53
5,R,-54.6875,0.25425880413354723,54
5,R,-46.875,0.33831173196666275,55
5,R,-39.0625,0.41036954821915284,56
5,R,-31.25,0.4683860090467536,57
5,R,-23.4375,0.5128771104292588,58
5,R,-15.625,0.5528360969387742,59
5,R,-7.8125,0.5789621097208669,60
5,R,0.0,0.5995498708987411,61
5,R,7.8125,0.6074515627670419,60
5,R,15.625,0.6118004266665237,59
5,R,23.4375,0.6124588535246936,58
5,R,31.25,0.6093996731059383,57
5,R,39.0625,0.6037303705948598,56
5,R,46.875,0.5977781667164908,55
5,R,54.6875,0.5888593327470905,54
5,R,62.5,0.5770528554980364,53
5,R,70.3125,0.5598611430164723,52
5,R,78.125,0.5596199998156555,51
5,R,85.9375,0.5535243777326818,50
5,R,93.75,0.5414475268623209,49
5,R,101.5625,0.5272107401782268,48
5,R,109.375,0.5064709114737471,47
5,R,117.1875,0.47609863844615014,46
5,R,125.0,0.4369733546029811,45
5,R,132.8125,0.391597995072635,44
5,R,140.625,0.3411025179921918,43
5,R,148.4375,0.2867022692165546,42
5,R,156.25,0.21651731945037908,41
5,R,164.0625,0.14335370538856604,40
5,R,171.875,0.06480739676688303,39
5,R,179.6875,-0.02777761163382604,38
5,R,187.5,-0.1293313935928021,37
5,R,195.3125,-0.22372289184906538,36
5,R,203.125,-0.3265840624275184,35
5,R,210.9375,-0.42947500639295405,34
5,R,218.75,-0.5182267843802052,33
5,R,226.5625,-0.6068268265962128,32
5,R,234.375,-0.6857204334864738,31
5,R,242.1875,-0.7765855288700371,30
5,R,250.0,-0.8426929816565605,29
6,L,-250.0,0.6255989379701347,33
6,L,-242.1875,0.6661863553203785,34
6,L,-234.375,0.6991334737971596,35
6,L,-226.5625,0.7383834802016269,36
6,L,-218.75,0.7767085997612598,37
6,L,-210.9375,0.8029900507656733,38
6,L,-203.125,0.8291424345014422,39
6,L,-195.3125,0.8570941519641624,40
6,L,-187.5,0.878059305517876,41
6,L,-179.6875,0.8950367955898152,42
6,L,-171.875,0.9156342342178739,43
6,L,-164.0625,0.9248837662533207,44
6,L,-156.25,0.9246407773945515,45
6,L,-148.4375,0.9236157472739522,46
6,L,-140.625,0.9253497350630472,47
6,L,-132.8125,0.9157610362665296,48
6,L,-125.0,0.8945242023673573,49
6,L,-117.1875,0.8617416677736852,50
6,L,-109.375,0.7563549259786759,51
6,L,-101.5625,0.6539736045298778,52
6,L,-93.75,0.4751056826319629,53
6,L,-85.9375,0.3066160650801862,54
6,L,-78.125,0.16360730542592053,55
6,L,-70.3125,0.03888199559360605,56
6,L,-62.5,-0.06681291085610697,57
6,L,-54.6875,-0.1682048624861522,58
6,L,-46.875,-0.2568713138384122,59
6,L,-39.0625,-0.3389585217972029,60
6,L,-31.25,-0.4228377719665652,61
6,L,-23.4375,-0.4687417602004082,62
6,L,-15.625,-0.511135360320799,63
6,L,-7.8125,-0.5527232647906125,64
6,L,0.0,-0.5890473183370009,65
6,L,7.8125,-0.6141166153429343,64
6,L,15.625,-0.6355158658136639,63
6,L,23.4375,-0.6585099094963693,62
6,L,31.25,-0.678327941916728,61
6,L,39.0625,-0.6862936377969647,60
6,L,46.875,-0.6930831770443285,59
6,L,54.6875,-0.6986595884735689,58
6,L,62.5,-0.6971654647829005,57
6,L,70.3125,-0.6881065336901401,56
6,L,78.125,-0.671691178728148,55
6,L,85.9375,-0.6497008707542018,54
6,L,93.75,-0.6186569525966271,53
6,L,101.5625,-0.5775405356445933,52
6,L,109.375,-0.5290366333635989,51
6,L,117.1875,-0.47008695491488983,50
6,L,125.0,-0.4022760676177735,49
6,L,132.8125,-0.3540288437972833,48
6,L,140.625,-0.300752927713606,47
6,L,148.4375,-0.2357659932475418,46
6,L,156.25,-0.15415447007030775,45
6,L,164.0625,-0.06606160698179589,44
6,L,171.875,0.021910627770551507,43
6,L,179.6875,0.12237711740661192,42
6,L,187.5,0.22347842597694598,41
6,L,195.3125,0.3271773001491845,40
6,L,203.125,0.4226255181574494,39
6,L,210.9375,0.5239744750412154,38
6,L,218.75,0.6132276506059825,37
6,L,226.5625,0.6969687885343575,36
6,L,234.375,0.7842305305009916,35
6,L,242.1875,0.825266493054784,34
6,L,250.0,0.8746604862684831,33
7,R,-250.0,-0.8557491551647872,32
7,R,-242.1875,-0.8563450542583603,33
7,R,-234.375,-0.877487151870722,34
7,R,-226.5625,-0.8892577604373726,35
7,R,-218.75,-0.8916455563471106,36
7,R,-210.9375,-0.8847089158619884,37
7,R,-203.125,-0.8772084321373578,38
7,R,-195.3125,-0.8678906588578607,39
7,R,-187.5,-0.8775744069061858,40
7,R,-179.6875,-0.8768021341552706,41
7,R,-171.875,-0.8603759477484099,42
7,R,-164.0625,-0.8763292895700666,43
7,R,-156.25,-0.8651238432860119,44
7,R,-148.4375,-0.6391052497787295,45
7,R,-140.625,-0.48932709626503745,46
7,R,-132.8125,-0.36829653719913535,47
7,R,-125.0,-0.2674076393361367,48
7,R,-117.1875,-0.18550616531432382,49
7,R,-109.375,-0.11205407253103822,50
7,R,-101.5625,-0.01775680575673315,51
7,R,-93.75,0.04158922141196814,52
7,R,-85.9375,0.09787025463864242,53
7,R,-78.125,0.16533186438853328,54
7,R,-70.3125,0.23296452139267862,55
7,R,-62.5,0.3025476399868764,56
7,R,-54.6875,0.3716522832038089,57
7,R,-46.875,0.44104511196408325,58
7,R,-39.0625,0.5112168006458492,59
7,R,-31.25,0.5652074867439527,60
7,R,-23.4375,0.6107501334056524,61
7,R,-15.625,0.6479741827390076,62
7,R,-7.8125,0.6654634284070122,63
7,R,0.0,0.6850633948359718,64
7,R,7.8125,0.6810596296874779,63
7,R,15.625,0.6694082535249772,62
7,R,23.4375,0.6576016661572833,61
7,R,31.25,0.6394799675156038,60
7,R,39.0625,0.6223001583034908,59
7,R,46.875,0.6045679195587269,58
7,R,54.6875,0.5755432796566863,57
7,R,62.5,0.5404960695464128,56
7,R,70.3125,0.5012771139363094,55
7,R,78.125,0.4810038382516939,54
7,R,85.9375,0.4660785357616001,53
7,R,93.75,0.44077999084767905,52
7,R,101.5625,0.4058142910610743,51
7,R,109.375,0.38563376984623626,50
7,R,117.1875,0.3407324439765285,49
7,R,125.0,0.298860791604065,48
7,R,132.8125,0.24534186869589764,47
7,R,140.625,0.18197697158675752,46
7,R,148.4375,0.11232531540183273,45
7,R,156.25,0.05412891411418393,44
7,R,164.0625,-0.018339745454580527,43
7,R,171.875,-0.1323102857713505,42
7,R,179.6875,-0.23014512898982442,41
7,R,187.5,-0.3090702182075929,40
7,R,195.3125,-0.4083583434436249,39
7,R,203.125,-0.5100185823831077,38
7,R,210.9375,-0.5927310364198982,37
7,R,218.75,-0.6805693188615949,36
7,R,226.5625,-0.7256226296661725,35
7,R,234.375,-0.7868309693746444,34
7,R,242.1875,-0.8196444870102729,33
7,R,250.0,-0.8067996447920232,32
8,L,-250.0,0.5027625777731877,25
8,L,-242.1875,0.603750251707418,26
8,L,-234.375,0.6667914516054594,27
8,L,-226.5625,0.732033860670784,28
8,L,-218.75,0.7286106469253909,29
8,L,-210.9375,0.6732751346638033,30
8,L,-203.125,0.6362705034522883,31
8,L,-195.3125,0.5970009770742153,32
8,L,-187.5,0.5767737392651119,33
8,L,-179.6875,0.5916267148827993,34
8,L,-171.875,0.5386637918083019,35
8,L,-164.0625,0.545043959862,36
8,L,-156.25,0.5028003014563893,37
8,L,-148.4375,0.5471004212890224,38
8,L,-140.625,0.3342255425434787,39
8,L,-132.8125,0.054962963872274256,40
8,L,-125.0,-0.06353508745665717,41
8,L,-117.1875,-0.1695574686630431,42
8,L,-109.375,-0.2544877086429198,43
8,L,-101.5625,-0.3452140892525742,44
8,L,-93.75,-0.4055500026564347,45
8,L,-85.9375,-0.4564372454478841,46
8,L,-78.125,-0.4900759729027536,47
8,L,-70.3125,-0.5329477973829772,48
8,L,-62.5,-0.55412964921622,49
8,L,-54.6875,-0.5935272753886511,50
8,L,-46.875,-0.6136808306970069,51
8,L,-39.0625,-0.6478005996356665,52
8,L,-31.25,-0.6698882017764817,53
8,L,-23.4375,-0.666811025453651,54
8,L,-15.625,-0.653497690789521,55
8,L,-7.8125,-0.6371901075685185,56
8,L,0.0,-0.622222626157635,57
8,L,7.8125,-0.6028993376699497,56
8,L,15.625,-0.5761290295032703,55
8,L,23.4375,-0.5473585738534908,54
8,L,31.25,-0.5519562162160465,53
8,L,39.0625,-0.5574776183797626,52
8,L,46.875,-0.5607144627496736,51
8,L,54.6875,-0.5550995399914207,50
8,L,62.5,-0.5326473071196675,49
8,L,70.3125,-0.4964682350969936,48
8,L,78.125,-0.45531394456408825,47
8,L,85.9375,-0.40725502275684167,46
8,L,93.75,-0.358930737679517,45
8,L,101.5625,-0.31047544256821996,44
8,L,109.375,-0.25023948537182794,43
8,L,117.1875,-0.17571362480004712,42
8,L,125.0,-0.11656032696049064,41
8,L,132.8125,-0.04936492504126551,40
8,L,140.625,0.03365815333354651,39
8,L,148.4375,0.12110531719604194,38
8,L,156.25,0.21249610539809996,37
8,L,164.0625,0.3087416318347357,36
8,L,171.875,0.4168587736420509,35
8,L,179.6875,0.5280941540352808,34
8,L,187.5,0.6105644697010333,33
8,L,195.3125,0.6860829143150949,32
8,L,203.125,0.7614499787521581,31
8,L,210.9375,0.8154949971127714,30
8,L,218.75,0.8652946452202209,29
8,L,226.5625,0.8926534486794463,28
8,L,234.375,0.8814549479090807,27
8,L,242.1875,0.8874427574505735,26
8,L,250.0,0.8306310007143268,25
9,R,-250.0,-0.699186475987566,29
9,R,-242.1875,-0.7367709793755637,30
9,R,-234.375,-0.7657323874427989,31
9,R,-226.5625,-0.7792234705119936,32
9,R,-218.75,-0.7935562361720726,33
9,R,-210.9375,-0.8213348180991612,34
9,R,-203.125,-0.8327296429270661,35
9,R,-195.3125,-0.8423494790899742,36
9,R,-187.5,-0.7963150662846457,37
9,R,-179.6875,-0.759686236768562,38
9,R,-171.875,-0.7215896873111792,39
9,R,-164.0625,-0.6939824529394898,40
9,R,-156.25,-0.651948770042115,41
9,R,-148.4375,-0.6171456107608356,42
9,R,-140.625,-0.5815127893761998,43
9,R,-132.8125,-0.536365996134004,44
9,R,-125.0,-0.48277477744071445,45
9,R,-117.1875,-0.4321665501146629,46
9,R,-109.375,-0.3637081672379534,47
9,R,-101.5625,-0.288025039228909,48
9,R,-93.75,-0.18280874546168,49
9,R,-85.9375,-0.08295481313106,50
9,R,-78.125,0.017176380216643753,51
9,R,-70.3125,0.1322282087674121,52
9,R,-62.5,0.24766670836443697,53
9,R,-54.6875,0.36311911977262745,54
9,R,-46.875,0.4708082363727171,55
9,R,-39.0625,0.5583667285158544,56
9,R,-31.25,0.6432200928528881,57
9,R,-23.4375,0.7245435963098233,58
9,R,-15.625,0.7826404711790959,59
9,R,-7.8125,0.8348184221332785,60
9,R,0.0,0.8530928176840534,61
9,R,7.8125,0.8696355102641882,60
9,R,15.625,0.8666820523235624,59
9,R,23.4375,0.8588935335869202,58
9,R,31.25,0.8307058938349697,57
9,R,39.0625,0.7968487107369142,56
9,R,46.875,0.7557049603797306,55
9,R,54.6875,0.701933044433477,54
9,R,62.5,0.6381686387951018,53
9,R,70.3125,0.5705015981993378,52
9,R,78.125,0.48672753329391194,51
9,R,85.9375,0.3909878491373304,50
9,R,93.75,0.27533703820021355,49
9,R,101.5625,0.19613191824551662,48
9,R,109.375,0.1200444756883065,47
9,R,117.1875,0.024518531615274525,46
9,R,125.0,-0.075319605503082,45
9,R,132.8125,-0.17862994515767308,44
9,R,140.625,-0.28359974112257114,43
9,R,148.4375,-0.37165592059898017,42
9,R,156.25,-0.4630725535716381,41
9,R,164.0625,-0.5597203472873723,40
9,R,171.875,-0.6333500764433032,39
9,R,179.6875,-0.7063051131770807,38
9,R,187.5,-0.7288576079435132,37
9,R,195.3125,-0.7616673178185792,36
9,R,203.125,-0.7682271580296853,35
9,R,210.9375,-0.7531729656450519,34
9,R,218.75,-0.7301303563851382,33
9,R,226.5625,-0.6850893068788645,32
9,R,234.375,-0.6342268672433744,31
9,R,242.1875,-0.5736864256000813,30
9,R,250.0,-0.5081833856185807,29
10,L,-250.0,0.6655673542597805,33
10,L,-242.1875,0.7359281311834701,34
10,L,-234.375,0.8091374834508306,35
10,L,-226.5625,0.8358131592553693,36
10,L,-218.75,0.8840114506247975,37
10,L,-210.9375,0.903430221785149,38
10,L,-203.125,0.9250538453957212,39
10,L,-195.3125,0.922977569630797,40
10,L,-187.5,0.9276819967627262,41
10,L,-179.6875,0.9188253925394074,42
10,L,-171.875,0.905263577320712,43
10,L,-164.0625,0.8968206376214292,44
10,L,-156.25,0.7811103294282865,45
10,L,-148.4375,0.7130815206852998,46
10,L,-140.625,0.5132240164799696,47
10,L,-132.8125,0.3709376845069155,48
10,L,-125.0,0.2643183462268127,49
10,L,-117.1875,0.1700106705297932,50
10,L,-109.375,0.07296081919321341,51
10,L,-101.5625,-0.012388412454407496,52
10,L,-93.75,-0.08734525487660141,53
10,L,-85.9375,-0.1732498886681711,54
10,L,-78.125,-0.2507479494139488,55
10,L,-70.3125,-0.3219981144013174,56
10,L,-62.5,-0.38572525011639125,57
10,L,-54.6875,-0.4388240767257224,58
10,L,-46.875,-0.49168548258316763,59
10,L,-39.0625,-0.5208020693862437,60
10,L,-31.25,-0.5567422069423323,61
10,L,-23.4375,-0.5930498915176244,62
10,L,-15.625,-0.6137632578549628,63
10,L,-7.8125,-0.6315273437501353,64
10,L,0.0,-0.6471433631810436,65
10,L,7.8125,-0.6506357069787742,64
10,L,15.625,-0.6522198466153456,63
10,L,23.4375,-0.6551697585409584,62
10,L,31.25,-0.6556111838096644,61
10,L,39.0625,-0.657231153557097,60
10,L,46.875,-0.6557200130954995,59
10,L,54.6875,-0.6523792301099615,58
10,L,62.5,-0.6428292880153448,57
10,L,70.3125,-0.6238152837973793,56
10,L,78.125,-0.6168409866326797,55
10,L,85.9375,-0.605963990919308,54
10,L,93.75,-0.5796698163939207,53
10,L,101.5625,-0.5492876718641728,52
10,L,109.375,-0.5088315958056745,51
10,L,117.1875,-0.4456347015356421,50
10,L,125.0,-0.392565353723976,49
10,L,132.8125,-0.30213532600172477,48
10,L,140.625,-0.22809524947365714,47
10,L,148.4375,-0.13692506410206012,46
10,L,156.25,-0.04373955940712237,45
10,L,164.0625,0.04964137985725875,44
10,L,171.875,0.15263740972267023,43
10,L,179.6875,0.25120976910219034,42
10,L,187.5,0.367308791433149,41
10,L,195.3125,0.473366612937332,40
10,L,203.125,0.5867237687027773,39
10,L,210.9375,0.6823849958811764,38
10,L,218.75,0.7543654815440923,37
10,L,226.5625,0.8398460394034446,36
10,L,234.375,0.8590116997866744,35
10,L,242.1875,0.8954903904956819,34
10,L,250.0,0.8955180779703348,33
11,R,-250.0,-0.763381389160862,24
11,R,-242.1875,-0.6391477336339324,25
11,R,-234.375,-0.5605828562461587,26
11,R,-226.5625,-0.5628673547568547,27
11,R,-218.75,-0.5742697329027572,28
11,R,-210.9375,-0.6317322790422919,29
11,R,-203.125,-0.668652655105445,30
11,R,-195.3125,-0.7354235655253831,31
11,R,-187.5,-0.7953145704549494,32
11,R,-179.6875,-0.8482493541830983,33
11,R,-171.875,-0.8862213301168773,34
11,R,-164.0625,-0.9096999488467427,35
11,R,-156.25,-0.9240786788905858,36
11,R,-148.4375,-0.9267527472289481,37
11,R,-140.625,-0.8483745599988891,38
11,R,-132.8125,-0.66160373605479,39
11,R,-125.0,-0.5033681859513499,40
11,R,-117.1875,-0.37884025437805713,41
11,R,-109.375,-0.2683000310579694,42
11,R,-101.5625,-0.1715487910330164,43
11,R,-93.75,-0.06956322836303185,44
11,R,-85.9375,0.03147086508109406,45
11,R,-78.125,0.1262784117758548,46
11,R,-70.3125,0.23027612070801617,47
11,R,-62.5,0.3221314965237177,48
11,R,-54.6875,0.4048033819999869,49
11,R,-46.875,0.46163560316128976,50
11,R,-39.0625,0.5162937377475197,51
11,R,-31.25,0.5598662115390407,52
11,R,-23.4375,0.5967944199899534,53
11,R,-15.625,0.6226300069943681,54
11,R,-7.8125,0.6412254705354705,55
11,R,0.0,0.6658088501605076,56
11,R,7.8125,0.6738286079725088,55
11,R,15.625,0.6824750858775225,54
11,R,23.4375,0.6897013456609619,53
11,R,31.25,0.687568699975833,52
11,R,39.0625,0.6787006804590151,51
11,R,46.875,0.66144016385685,50
11,R,54.6875,0.6319848096029634,49
11,R,62.5,0.5924801739371222,48
11,R,70.3125,0.5373983858826549,47
11,R,78.125,0.4743445982343931,46
11,R,85.9375,0.4263021956468554,45
11,R,93.75,0.3558690491400805,44
11,R,101.5625,0.2764518533768836,43
11,R,109.375,0.18781937534390392,42
11,R,117.1875,0.08940230326017745,41
11,R,125.0,-0.020912500429468718,40
11,R,132.8125,-0.1401672407791876,39
11,R,140.625,-0.26976630298263743,38
11,R,148.4375,-0.40147856883284183,37
11,R,156.25,-0.5233231876516191,36
11,R,164.0625,-0.6291988203963357,35
11,R,171.875,-0.7378604335790688,34
11,R,179.6875,-0.81722266646401,33
11,R,187.5,-0.8802085868106577,32
11,R,195.3125,-0.9109521704125155,31
11,R,203.125,-0.9056570571060198,30
11,R,210.9375,-0.8787048096907824,29
11,R,218.75,-0.8245811132745411,28
11,R,226.5625,-0.7266947971481577,27
11,R,234.375,-0.6058861743698846,26
11,R,242.1875,-0.47216242964861116,25
11,R,250.0,-0.31930465232285,24
12,L,-250.0,0.7745743563589824,21
12,L,-242.1875,0.8297211229030201,22
12,L,-234.375,0.8344697419818997,23
12,L,-226.5625,0.8840063220895388,24
12,L,-218.75,0.8641595224130072,25
12,L,-210.9375,0.885255269351833,26
12,L,-203.125,0.885106080936657,27
12,L,-195.3125,0.8934141372485629,28
12,L,-187.5,0.8953070537198513,29
12,L,-179.6875,0.8870046648852841,30
12,L,-171.875,0.857838139397353,31
12,L,-164.0625,0.883192636565992,32
12,L,-156.25,0.8571748440761359,33
12,L,-148.4375,0.8642751319175791,34
12,L,-140.625,0.8556831965474949,35
12,L,-132.8125,0.8388928600061174,36
12,L,-125.0,0.8308134830848652,37
12,L,-117.1875,0.7956028142307393,38
12,L,-109.375,0.6472901300545449,39
12,L,-101.5625,0.3771642620996195,40
12,L,-93.75,0.17711689167927602,41
12,L,-85.9375,0.02108857544979043,42
12,L,-78.125,-0.13174049687115416,43
12,L,-70.3125,-0.24640495804081897,44
12,L,-62.5,-0.3523616400437512,45
12,L,-54.6875,-0.44343004342525355,46
12,L,-46.875,-0.5115808251000837,47
12,L,-39.0625,-0.5787574261072886,48
12,L,-31.25,-0.623101745176368,49
12,L,-23.4375,-0.6599770317449403,50
12,L,-15.625,-0.6791014839240653,51
12,L,-7.8125,-0.6938826293297926,52
12,L,0.0,-0.7010815733770575,53
12,L,7.8125,-0.6971808715368575,52
12,L,15.625,-0.6880282311350732,51
12,L,23.4375,-0.6696052237114805,50
12,L,31.25,-0.6425608260678884,49
12,L,39.0625,-0.6089321897980061,48
12,L,46.875,-0.5703671429529086,47
12,L,54.6875,-0.5213429363601195,46
12,L,62.5,-0.45694942104441133,45
12,L,70.3125,-0.4247716611282166,44
12,L,78.125,-0.385021585362025,43
12,L,85.9375,-0.3290861965282707,42
12,L,93.75,-0.2734027357141871,41
12,L,101.5625,-0.20340210311074458,40
12,L,109.375,-0.13158976546952975,39
12,L,117.1875,-0.048549680297986265,38
12,L,125.0,0.049920528061561845,37
12,L,132.8125,0.1673851150523504,36
12,L,140.625,0.29130673506973204,35
12,L,148.4375,0.40282356368967226,34
12,L,156.25,0.5166402295404962,33
12,L,164.0625,0.6445941129117475,32
12,L,171.875,0.7281280883539487,31
12,L,179.6875,0.8146797323195757,30
12,L,187.5,0.87307100280768,29
12,L,195.3125,0.9108338533969228,28
12,L,203.125,0.9350699451232312,27
12,L,210.9375,0.9141389043530033,26
12,L,218.75,0.8749546241586608,25
12,L,226.5625,0.8015804158588914,24
12,L,234.375,0.7270590507048299,23
12,L,242.1875,0.6412608879148208,22
12,L,250.0,0.533968386351798,21
13,R,-250.0,-0.13342475696472614,40
13,R,-242.1875,-0.23661343276018004,41
13,R,-234.375,-0.28978388207441863,42
13,R,-226.5625,-0.3173754301801812,43
13,R,-218.75,-0.321793297492356,44
13,R,-210.9375,-0.3154168769842643,45
13,R,-203.125,-0.3042313277470468,46
13,R,-195.3125,-0.3071532327104729,47
13,R,-187.5,-0.3112319894106663,48
13,R,-179.6875,-0.3046900070841051,49
13,R,-171.875,-0.30662164541896864,50
13,R,-164.0625,-0.30950542456515995,51
13,R,-156.25,-0.310966740496221,52
13,R,-148.4375,-0.3113478394738362,53
13,R,-140.625,-0.3119146573492552,54
13,R,-132.8125,-0.3130186947806098,55
13,R,-125.0,-0.31572715546802954,56
13,R,-117.1875,-0.31672987249573725,57
13,R,-109.375,-0.3161720984778438,58
13,R,-101.5625,-0.31012644248573507,59
13,R,-93.75,-0.29572492413212986,60
13,R,-85.9375,-0.27262233578538003,61
13,R,-78.125,-0.23777395171676521,62
13,R,-70.3125,-0.19103964273540522,63
13,R,-62.5,-0.13869049443697273,64
13,R,-54.6875,-0.07433976657324085,65
13,R,-46.875,-0.0026624646008352637,66
13,R,-39.0625,0.0900004286849424,67
13,R,-31.25,0.19469849387961205,68
13,R,-23.4375,0.326238985636093,69
13,R,-15.625,0.4303857691769014,70
13,R,-7.8125,0.5253085783753617,71
13,R,0.0,0.6536417936575046,72
13,R,7.8125,0.7047617396921712,71
13,R,15.625,0.7712400285469769,70
13,R,23.4375,0.824837794088724,69
13,R,31.25,0.8737168119355928,68
13,R,39.0625,0.8801062616151375,67
13,R,46.875,0.856646737636413,66
13,R,54.6875,0.818276985862062,65
13,R,62.5,0.726181439275672,64
13,R,70.3125,0.6482825180094146,63
13,R,78.125,0.559551878241513,62
13,R,85.9375,0.41719737591025147,61
13,R,93.75,0.3326089775446463,60
13,R,101.5625,0.21587029217659476,59
13,R,109.375,0.1026412609207747,58
13,R,117.1875,-0.018945150195572094,57
13,R,125.0,-0.1059107700576396,56
13,R,132.8125,-0.18358733932250168,55
13,R,140.625,-0.2590803873845088,54
13,R,148.4375,-0.31110694302993464,53
13,R,156.25,-0.3554016283397346,52
13,R,164.0625,-0.3900290275355331,51
13,R,171.875,-0.4166214604855687,50
13,R,179.6875,-0.43501554081632754,49
13,R,187.5,-0.42467632488217155,48
13,R,195.3125,-0.41123900512165973,47
13,R,203.125,-0.3955397978083432,46
13,R,210.9375,-0.37528765289152927,45
13,R,218.75,-0.35315770733468954,44
13,R,226.5625,-0.3274177012064642,43
13,R,234.375,-0.29741242713419125,42
13,R,242.1875,-0.2619631486990711,41
13,R,250.0,-0.2180700346817068,40
14,L,-250.0,0.5737325799192687,33
14,L,-242.1875,0.6185147264572491,34
14,L,-234.375,0.6700202012319939,35
14,L,-226.5625,0.7201440873697628,36
14,L,-218.75,0.7690407886981505,37
14,L,-210.9375,0.8170897310168165,38
14,L,-203.125,0.8516609570644501,39
14,L,-195.3125,0.8914661788512485,40
14,L,-187.5,0.9119307504475552,41
14,L,-179.6875,0.9303793752906502,42
14,L,-171.875,0.9413523188007223,43
14,L,-164.0625,0.949863666388981,44
14,L,-156.25,0.8764132202506044,45
14,L,-148.4375,0.8139520844880989,46
14,L,-140.625,0.7302098033416963,47
14,L,-132.8125,0.6367542545956235,48
14,L,-125.0,0.4602210153536063,49
14,L,-117.1875,0.31763150137913565,50
14,L,-109.375,0.19092236972213417,51
14,L,-101.5625,0.06725451827365389,52
14,L,-93.75,-0.03802075492898268,53
14,L,-85.9375,-0.1454756549425477,54
14,L,-78.125,-0.22416076573693003,55
14,L,-70.3125,-0.3159053920813638,56
14,L,-62.5,-0.3924815545375887,57
14,L,-54.6875,-0.4493186858501724,58
14,L,-46.875,-0.5037413278621482,59
14,L,-39.0625,-0.5464130330958504,60
14,L,-31.25,-0.5948684742155038,61
14,L,-23.4375,-0.6238372755650953,62
14,L,-15.625,-0.657362986999995,63
14,L,-7.8125,-0.6834092103470002,64
14,L,0.0,-0.7026986506080247,65
14,L,7.8125,-0.7198530917266853,64
14,L,15.625,-0.7245782385641776,63
14,L,23.4375,-0.7290044594048386,62
14,L,31.25,-0.7244668873483576,61
14,L,39.0625,-0.7111458594524778,60
14,L,46.875,-0.6904605860865735,59
14,L,54.6875,-0.6607115142343304,58
14,L,62.5,-0.628147483095445,57
14,L,70.3125,-0.5756864674325219,56
14,L,78.125,-0.5186009550968445,55
14,L,85.9375,-0.44816202474537237,54
14,L,93.75,-0.3617125963012962,53
14,L,101.5625,-0.2625606063559707,52
14,L,109.375,-0.1635672144205497,51
14,L,117.1875,-0.049426924683423364,50
14,L,125.0,0.051753979870574826,49
14,L,132.8125,0.1519648761858825,48
14,L,140.625,0.2548299553660096,47
14,L,148.4375,0.34506398161149615,46
14,L,156.25,0.45397438669382684,45
14,L,164.0625,0.5582996300564634,44
14,L,171.875,0.6554983410873013,43
14,L,179.6875,0.7331636933796378,42
14,L,187.5,0.8091288224781479,41
14,L,195.3125,0.8733035506226835,40
14,L,203.125,0.8998725769010554,39
14,L,210.9375,0.9274365386778065,38
14,L,218.75,0.9195007481015885,37
14,L,226.5625,0.9079155710055891,36
14,L,234.375,0.8635424549892264,35
14,L,242.1875,0.7995798062350095,34
14,L,250.0,0.7523832940636286,33
15,R,-250.0,0.0783888460885044,32
15,R,-242.1875,-0.15268508689122315,33
15,R,-234.375,-0.33362990216517524,34
15,R,-226.5625,-0.49070052618606014,35
15,R,-218.75,-0.6167289633313812,36
15,R,-210.9375,-0.7179047268620615,37
15,R,-203.125,-0.7968133432594755,38
15,R,-195.3125,-0.6417861202018328,39
15,R,-187.5,-0.5269143289802354,40
15,R,-179.6875,-0.44031372131659147,41
15,R,-171.875,-0.3707275824530187,42
15,R,-164.0625,-0.31474886584662604,43
15,R,-156.25,-0.28955267815367347,44
15,R,-148.4375,-0.26161966630482436,45
15,R,-140.625,-0.23015662654348965,46
15,R,-132.8125,-0.18474875726015164,47
15,R,-125.0,-0.1333922833412719,48
15,R,-117.1875,-0.08034948273947826,49
15,R,-109.375,-0.03181434979345201,50
15,R,-101.5625,0.02795082276268326,51
15,R,-93.75,0.09135794699638955,52
15,R,-85.9375,0.15834485472946105,53
15,R,-78.125,0.23235589794667288,54
15,R,-70.3125,0.28546488650589236,55
15,R,-62.5,0.35662543712015043,56
15,R,-54.6875,0.41837385435038293,57
15,R,-46.875,0.4767022389298897,58
15,R,-39.0625,0.5274513208138375,59
15,R,-31.25,0.5687461252587278,60
15,R,-23.4375,0.5941760363875319,61
15,R,-15.625,0.6125602981764786,62
15,R,-7.8125,0.620709000135256,63
15,R,0.0,0.6260972054586932,64
15,R,7.8125,0.6256857429886661,63
15,R,15.625,0.6267871925766203,62
15,R,23.4375,0.6260321040663043,61
15,R,31.25,0.6234328893502672,60
15,R,39.0625,0.6119794619043185,59
15,R,46.875,0.5898873351372304,58
15,R,54.6875,0.5504018995441188,57
15,R,62.5,0.5008513244431362,56
15,R,70.3125,0.4649566066058322,55
15,R,78.125,0.41234855051464653,54
15,R,85.9375,0.3499645259320351,53
15,R,93.75,0.2817647623957941,52
15,R,101.5625,0.20113864160266542,51
15,R,109.375,0.098307603380891,50
15,R,117.1875,0.005096607149187144,49
15,R,125.0,-0.07755945833754863,48
15,R,132.8125,-0.1751720931678592,47
15,R,140.625,-0.2671286216877926,46
15,R,148.4375,-0.3489615709552642,45
15,R,156.25,-0.4454864981747768,44
15,R,164.0625,-0.4869728959988267,43
15,R,171.875,-0.5548896763737557,42
15,R,179.6875,-0.5844587398126917,41
15,R,187.5,-0.5949367171554117,40
15,R,195.3125,-0.5712150274305555,39
15,R,203.125,-0.5596232697497437,38
15,R,210.9375,-0.4939875526964443,37
15,R,218.75,-0.43309819398205995,36
15,R,226.5625,-0.359994519043406,35
15,R,234.375,-0.2898941229842004,34
15,R,242.1875,-0.21057600392114198,33
15,R,250.0,-0.13258152367078,32
16,L,-250.0,0.8234283345030564,27
16,L,-242.1875,0.8773762249267832,28
16,L,-234.375,0.8851651322830771,29
16,L,-226.5625,0.9025282681728621,30
16,L,-218.75,0.9120974670338378,31
16,L,-210.9375,0.9020745655572004,32
16,L,-203.125,0.9043928238733098,33
16,L,-195.3125,0.8785949814502996,34
16,L,-187.5,0.8298934453932217,35
16,L,-179.6875,0.7912645196759688,36
16,L,-171.875,0.7747800385253182,37
16,L,-164.0625,0.7445713502544264,38
16,L,-156.25,0.7210359385536455,39
16,L,-148.4375,0.5732437671421944,40
16,L,-140.625,0.4575545457332529,41
16,L,-132.8125,0.36712867762243456,42
16,L,-125.0,0.2543795579648939,43
16,L,-117.1875,0.07787034413570557,44
16,L,-109.375,-0.06166304471966731,45
16,L,-101.5625,-0.16557706187526167,46
16,L,-93.75,-0.26759487764567336,47
16,L,-85.9375,-0.3613451758782587,48
16,L,-78.125,-0.4218996515376154,49
16,L,-70.3125,-0.49171512376256304,50
16,L,-62.5,-0.5419213926718395,51
16,L,-54.6875,-0.5717581776326552,52
16,L,-46.875,-0.5924302455824999,53
16,L,-39.0625,-0.6107160711869929,54
16,L,-31.25,-0.6282481368166394,55
16,L,-23.4375,-0.6330618840816069,56
16,L,-15.625,-0.64116294707011,57
16,L,-7.8125,-0.6498574256052554,58
16,L,0.0,-0.6561760627511097,59
16,L,7.8125,-0.6643193490160787,58
16,L,15.625,-0.6660450361111612,57
16,L,23.4375,-0.6658483246562216,56
16,L,31.25,-0.6608868490613106,55
16,L,39.0625,-0.6431957228478197,54
16,L,46.875,-0.6171396687705194,53
16,L,54.6875,-0.6028591649984505,52
16,L,62.5,-0.5745975693020015,51
16,L,70.3125,-0.5252716124989202,50
16,L,78.125,-0.4684741786833311,49
16,L,85.9375,-0.41206509143840164,48
16,L,93.75,-0.332110902060418,47
16,L,101.5625,-0.23674606282596514,46
16,L,109.375,-0.1408913558804812,45
16,L,117.1875,-0.05069076938255981,44
16,L,125.0,0.04279718616774533,43
16,L,132.8125,0.14374044900039315,42
16,L,140.625,0.2548214465362879,41
16,L,148.4375,0.3747643224209287,40
16,L,156.25,0.4635435982450385,39
16,L,164.0625,0.560495127009998,38
16,L,171.875,0.6779172755163968,37
16,L,179.6875,0.7655762367235361,36
16,L,187.5,0.829201428163735,35
16,L,195.3125,0.8794832743323353,34
16,L,203.125,0.9178431232271536,33
16,L,210.9375,0.9006688416044611,32
16,L,218.75,0.8997637138360631,31
16,L,226.5625,0.8693920045053385,30
16,L,234.375,0.7813702487431711,29
16,L,242.1875,0.6763430102303188,28
16,L,250.0,0.5900145340926042,27
17,R,-250.0,-0.6788389047338814,38
17,R,-242.1875,-0.7230025614484712,39
17,R,-234.375,-0.775526208327408,40
17,R,-226.5625,-0.8212545454923558,41
17,R,-218.75,-0.6834709954633384,42
17,R,-210.9375,-0.5822333657344312,43
17,R,-203.125,-0.5085900764633275,44
17,R,-195.3125,-0.44244413782717745,45
17,R,-187.5,-0.38281795543320263,46
17,R,-179.6875,-0.3244694424175972,47
17,R,-171.875,-0.2706022866218506,48
17,R,-164.0625,-0.24011878211412158,49
17,R,-156.25,-0.2016876071227414,50
17,R,-148.4375,-0.16270214175727962,51
17,R,-140.625,-0.11404850880037637,52
17,R,-132.8125,-0.05574959251528136,53
17,R,-125.0,0.0007968126988543665,54
17,R,-117.1875,0.07393940060790336,55
17,R,-109.375,0.12030081210121632,56
17,R,-101.5625,0.18616264571050886,57
17,R,-93.75,0.25465400353685497,58
17,R,-85.9375,0.3272223144064631,59
17,R,-78.125,0.37981893589412696,60
17,R,-70.3125,0.4490399285443629,61
17,R,-62.5,0.49633988548148344,62
17,R,-54.6875,0.5431613354195889,63
17,R,-46.875,0.5789901931779579,64
17,R,-39.0625,0.6103892033466087,65
17,R,-31.25,0.633207807073413,66
17,R,-23.4375,0.6501727629241862,67
17,R,-15.625,0.6592765852977138,68
17,R,-7.8125,0.6664754809713687,69
17,R,0.0,0.670208573901196,70
17,R,7.8125,0.6706116997795477,69
17,R,15.625,0.6689562055022777,68
17,R,23.4375,0.6628459358507152,67
17,R,31.25,0.64884631276815,66
17,R,39.0625,0.6253994362308791,65
17,R,46.875,0.5900999810151452,64
17,R,54.6875,0.5407673331742542,63
17,R,62.5,0.48125486055525357,62
17,R,70.3125,0.41555140200912055,61
17,R,78.125,0.3340410691616489,60
17,R,85.9375,0.2644482910946848,59
17,R,93.75,0.18500999835826176,58
17,R,101.5625,0.10083067816995611,57
17,R,109.375,0.002668724742574386,56
17,R,117.1875,-0.08412827373216031,55
17,R,125.0,-0.20169305222134826,54
17,R,132.8125,-0.2500960521229368,53
17,R,140.625,-0.3316165435945933,52
17,R,148.4375,-0.4082431588007723,51
17,R,156.25,-0.4897266047460846,50
17,R,164.0625,-0.5168254242132183,49
17,R,171.875,-0.5913353430268701,48
17,R,179.6875,-0.6034665583923015,47
17,R,187.5,-0.6466365982023089,46
17,R,195.3125,-0.6414868864232234,45
17,R,203.125,-0.6247651757986771,44
17,R,210.9375,-0.585163082254931,43
17,R,218.75,-0.5541109019896697,42
17,R,226.5625,-0.47176798292822475,41
17,R,234.375,-0.3969809461281261,40
17,R,242.1875,-0.3166842206943342,39
17,R,250.0,-0.23731025723772084,38
18,L,-250.0,0.3888054475262858,26
18,L,-242.1875,0.3913434347148092,27
18,L,-234.375,0.4392970421788324,28
18,L,-226.5625,0.504033526847738,29
18,L,-218.75,0.5589557098861017,30
18,L,-210.9375,0.6280741282485238,31
18,L,-203.125,0.6946772059260408,32
18,L,-195.3125,0.7650362641747847,33
18,L,-187.5,0.8167378542701255,34
18,L,-179.6875,0.8386975582162826,35
18,L,-171.875,0.8693266749773819,36
18,L,-164.0625,0.8909033152246723,37
18,L,-156.25,0.9051402563462723,38
18,L,-148.4375,0.841517588687679,39
18,L,-140.625,0.7832994312439173,40
18,L,-132.8125,0.7169101636095548,41
18,L,-125.0,0.5344020850184036,42
18,L,-117.1875,0.39809554263218366,43
18,L,-109.375,0.28001174244769833,44
18,L,-101.5625,0.17534467518998775,45
18,L,-93.75,0.07184411450282323,46
18,L,-85.9375,-0.04944644187163585,47
18,L,-78.125,-0.1127070867296514,48
18,L,-70.3125,-0.21177326743447172,49
18,L,-62.5,-0.2976715906589496,50
18,L,-54.6875,-0.3671714843236866,51
18,L,-46.875,-0.42442160622437347,52
18,L,-39.0625,-0.47401090408856666,53
18,L,-31.25,-0.5181508992327959,54
18,L,-23.4375,-0.5693023929659602,55
18,L,-15.625,-0.6061307510508651,56
18,L,-7.8125,-0.6389318611133173,57
18,L,0.0,-0.6733511875717864,58
18,L,7.8125,-0.6961261819699137,57
18,L,15.625,-0.7235483546984282,56
18,L,23.4375,-0.7343454567944435,55
18,L,31.25,-0.7366859658025907,54
18,L,39.0625,-0.7337950047224987,53
18,L,46.875,-0.7239173917598766,52
18,L,54.6875,-0.6952897120140858,51
18,L,62.5,-0.6656772124409864,50
18,L,70.3125,-0.6138260550300865,49
18,L,78.125,-0.542075446401401,48
18,L,85.9375,-0.46520903672867864,47
18,L,93.75,-0.36865343842808895,46
18,L,101.5625,-0.29076560280829594,45
18,L,109.375,-0.19565543719565104,44
18,L,117.1875,-0.07674580255701428,43
18,L,125.0,-0.00488981594445974,42
18,L,132.8125,0.11646151167265678,41
18,L,140.625,0.2556230924669142,40
18,L,148.4375,0.3339420267425197,39
18,L,156.25,0.4611464763630707,38
18,L,164.0625,0.5845226717693973,37
18,L,171.875,0.6836100906766006,36
18,L,179.6875,0.7805084696436435,35
18,L,187.5,0.8501828799540625,34
18,L,195.3125,0.8939841889820631,33
18,L,203.125,0.9328665438552421,32
18,L,210.9375,0.9050878150409468,31
18,L,218.75,0.8411264223921514,30
18,L,226.5625,0.816320504709849,29
18,L,234.375,0.7066011895513311,28
18,L,242.1875,0.6044923476171273,27
18,L,250.0,0.48935733955647975,26
19,R,-250.0,0.02127267908572869,465
19,R,-242.1875,0.026491040589986428,466
19,R,-234.375,0.035311286607132286,467
19,R,-226.5625,0.044764470456260266,468
19,R,-218.75,0.05617878044455068,469
19,R,-210.9375,0.06903407360467455,470
19,R,-203.125,0.08744617683686004,471
19,R,-195.3125,0.1024294932646352,472
19,R,-187.5,0.12271958448727327,473
19,R,-179.6875,0.14117044188588337,474
19,R,-171.875,0.15969024704779353,475
19,R,-164.0625,0.1822544652628591,476
19,R,-156.25,0.21532284623052467,477
19,R,-148.4375,0.2458018696439241,478
19,R,-140.625,0.273760649972366,479
19,R,-132.8125,0.30705781785949693,480
19,R,-125.0,0.338792688650828,481
19,R,-117.1875,0.3741959304800145,482
19,R,-109.375,0.4107971324287182,483
19,R,-101.5625,0.4494413094654453,484
19,R,-93.75,0.48349294514402824,485
19,R,-85.9375,0.5114457417406012,486
19,R,-78.125,0.5388515856327344,487
19,R,-70.3125,0.5633657945962274,488
19,R,-62.5,0.5832105264788179,489
19,R,-54.6875,0.5995587338316346,490
19,R,-46.875,0.6089104016379276,491
19,R,-39.0625,0.6188764034467347,492
19,R,-31.25,0.6247970775521936,493
19,R,-23.4375,0.6289096579329736,494
19,R,-15.625,0.6324620137001857,495
19,R,-7.8125,0.6336077889113597,496
19,R,0.0,0.6324191578143675,497
19,R,7.8125,0.6266041230580237,496
19,R,15.625,0.6161193604221257,495
19,R,23.4375,0.5997968493129491,494
19,R,31.25,0.5776211109485253,493
19,R,39.0625,0.5501897157384223,492
19,R,46.875,0.518673206842152,491
19,R,54.6875,0.4830590614562578,490
19,R,62.5,0.44219825675048086,489
19,R,70.3125,0.40496548591987974,488
19,R,78.125,0.36237558395918296,487
19,R,85.9375,0.3094718004042506,486
19,R,93.75,0.25081389547623023,485
19,R,101.5625,0.1977925792269077,484
19,R,109.375,0.13947362397571383,483
19,R,117.1875,0.08065214876634896,482
19,R,125.0,0.019380928403399847,481
19,R,132.8125,-0.04633996403665239,480
19,R,140.625,-0.11343519026859625,479
19,R,148.4375,-0.17031620161695038,478
19,R,156.25,-0.22455725389618156,477
19,R,164.0625,-0.2760667715956162,476
19,R,171.875,-0.3187242648513469,475
19,R,179.6875,-0.36110946848159126,474
19,R,187.5,-0.39704223920363807,473
19,R,195.3125,-0.4172428107701049,472
19,R,203.125,-0.4197570169873152,471
19,R,210.9375,-0.42971146601488625,470
19,R,218.75,-0.4283745926233018,469
19,R,226.5625,-0.42343171767245813,468
19,R,234.375,-0.41837263055140284,467
19,R,242.1875,-0.4124333044668968,466
19,R,250.0,-0.39247428638194176,465
